ID;CLASS;DEPTH (M);RES A10;RES A20;RES A30;RES A60;RES A 90;SONIC P;SONIC S;GAMMA RAY;CALIPER;NEUTRON POROSITY;DENSITY (G/CM3);OIL SATURATION;calcite;dolomite ;quartz;k-feldspar;plagioclase;"illite ""type"" (1)";kaolinite;chlorite;pyrite
D1;CLAYSTONE;1000;0.60981;0.61867;0.61652;0.6112;0.61015;169.17286;434.88125;104;24.1735;0.20353;2.13761;0.01;4.9;5.4;64.1;0.0;2.3;10.6;5.2;4.4;3.1
D2;CLAYSTONE;1000.5;0.60981;0.61867;0.61652;0.6112;0.61015;169.17287;434.88126;105;24.17351;0.20354;2.13761;0.01;9.6;0.0;47.8;0.0;5.5;24.0;6.6;2.4;4.1
D3;CLAYSTONE;1001;0.61122;0.61973;0.61712;0.61089;0.61204;169.17287;434.88126;105;24.17351;0.20041;2.13761;0.01;5.3;0.0;58.9;0.8;8.2;20.3;1.9;2.0;2.6
D4;CLAYSTONE;1001.5;0.61292;0.62025;0.61758;0.61023;0.61358;169.17287;434.88126;105;24.17351;0.20041;2.13761;0.01;24.1;0.0;22.2;0.0;12.4;26.6;3.4;7.8;3.5
D5;CLAYSTONE;1002;0.61536;0.61771;0.61593;0.61021;0.61348;169.17287;434.88126;105;24.17351;0.20041;2.13761;0.01;21.2;1.6;29.6;0.0;14.3;19.0;3.9;7.1;3.3
D6;CLAYSTONE;1002.5;0.61825;0.61507;0.61271;0.61121;0.6127;169.17287;434.88126;105;24.17351;0.20041;2.13761;0.01;9.8;0.0;31.0;0.0;12.8;24.8;6.9;10.3;4.4
D7;CLAYSTONE;1003;0.62362;0.61337;0.61108;0.60962;0.61198;169.17287;434.88126;105;24.17351;0.20041;2.13761;0.01;10.1;0.0;31.2;0.0;17.3;22.7;4.3;11.5;2.9
D8;CLAYSTONE;1003.5;0.6315;0.61067;0.61025;0.60799;0.61123;169.17287;434.88126;105;24.17351;0.2004;2.13761;0.01;10.7;1.8;31.5;0.0;24.5;16.5;4.1;8.6;2.3
D9;CLAYSTONE;1004;0.64476;0.60997;0.60881;0.60859;0.60928;169.17287;434.88126;105;24.17351;0.2004;2.13761;0.01;3.8;0.0;31.1;0.0;14.4;27.6;7.5;13.0;2.6
D10;CLAYSTONE;1004.5;0.6642;0.60947;0.60672;0.61842;0.60904;169.17287;434.88126;105;24.17351;0.2004;2.13761;0.01;6.5;0.0;27.4;0.0;13.5;28.1;7.1;11.7;5.7
D11;CLAYSTONE;1005;0.68861;0.61178;0.60092;0.61271;0.6176;169.17287;434.88126;105;24.17351;0.2004;2.13761;0.01;0.0;0.0;18.7;0.0;11.7;37.1;10.0;15.6;6.9
D12;CLAYSTONE;1005.5;0.72976;0.62377;0.60507;0.58877;0.57929;169.17287;434.88126;105;24.17351;0.2004;2.13761;0.01;5.05;0;24.95;0.0;14.5;29.9;7.15;13.55;4.9
D13;CLAYSTONE;1006;0.77688;0.65361;0.63;0.61303;0.59859;169.17287;434.88126;105;24.17351;0.20039;2.14332;0.01;7.875;0.9;28.225;0.0;19.5;23.2;5.625;11.075;3.6
D14;CLAYSTONE;1006.5;0.82975;0.6819;0.65453;0.63533;0.61343;169.17287;434.88126;105;24.17351;0.20039;2.14883;0.01;5.8375;0.45;29.6625;0.0;16.95;25.4;6.5625;12.0375;3.1
D15;CLAYSTONE;1007;0.81589;0.71151;0.67585;0.64403;0.62099;169.17287;434.88126;105;24.17351;0.20039;2.15099;0.01;6.16875;0.225;28.53125;0.0;15.225;26.75;6.83125;11.86875;4.4
D16;CLAYSTONE;1007.5;0.87251;0.70373;0.66824;0.6343;0.60549;169.17287;434.88126;105;24.17351;0.20039;2.15141;0.01;3.084375;0.1125;23.615625;0.0;13.4625;31.925;8.415625;13.734375;5.65
D17;CLAYSTONE;1008;0.89114;0.69373;0.65762;0.62172;0.59077;169.17287;434.88126;105;24.17351;0.20039;2.15165;0.01;4.0671875;0.05625;24.2828125;0.0;13.98125;30.9125;7.7828125;13.6421875;5.275
D18;CLAYSTONE;1008.5;0.90884;0.68621;0.64824;0.61065;0.58028;169.17287;434.88126;105;24.17351;0.20038;2.1517;0.01;5.97109375;0.478125;26.25390625;0.0;16.740625;27.05625;6.70390625;12.35859375;4.4375
D19;CLAYSTONE;1009;0.93517;0.68304;0.64191;0.60355;0.57527;169.17287;434.88126;105;24.17351;0.20038;2.15168;0.01;5.904296875;0.4640625;27.95820313;0.0;16.8453125;26.228125;6.633203125;12.19804688;3.76875
D20;CLAYSTONE;1009.5;0.95336;0.68279;0.63814;0.59865;0.57605;169.17287;434.88126;105;24.17351;0.20038;2.15168;0.01;6.036523438;0.34453125;28.24472656;0.0;16.03515625;26.4890625;6.732226563;12.03339844;4.084375
D21;CLAYSTONE;1010;0.97974;0.68552;0.64001;0.5984;0.58114;169.17287;434.88126;105;24.17351;0.20038;2.15166;0.01;4.560449219;0.228515625;25.93017578;0.0;14.74882813;29.20703125;7.573925781;12.88388672;4.8671875
D22;CLAYSTONE;1010.5;1.00666;0.69112;0.64136;0.59929;0.58479;169.17287;434.88126;105;24.17351;0.20038;2.1516;0.01;4.313818359;0.142382813;25.10649414;0.0;14.36503906;30.05976563;7.678369141;13.26303711;5.07109375
D23;CLAYSTONE;1011;1.02141;0.69325;0.64289;0.60121;0.59012;169.17287;434.88126;105;24.17351;0.20037;2.15154;0.01;5.142456055;0.310253906;25.6802002;0.0;15.55283203;28.55800781;7.191137695;12.81081543;4.754296875
D24;CLAYSTONE;1011.5;1.02763;0.696;0.64425;0.60309;0.59459;169.17287;434.88126;105;24.17351;0.20037;2.15153;0.01;5.523376465;0.387158203;26.81920166;0.0;16.19907227;27.39306641;6.91217041;12.50443115;4.261523438
D25;CLAYSTONE;1012;1.03199;0.69791;0.64406;0.60593;0.59782;169.17287;434.88126;105;24.17351;0.20037;2.15148;0.01;5.779949951;0.365844727;27.53196411;0.0;16.11711426;26.94106445;6.822198486;12.26891479;4.172949219
D26;CLAYSTONE;1012.5;1.03365;0.69928;0.64427;0.60797;0.60073;169.17287;434.88126;105;24.17351;0.20037;2.15144;0.01;5.170199585;0.297180176;26.73106995;0.0;15.43297119;28.07404785;7.198062134;12.57640076;4.520068359
D27;CLAYSTONE;1013;1.03494;0.70086;0.64509;0.60917;0.60333;169.17287;434.88126;105;24.17351;0.20037;2.1514;0.01;4.742008972;0.219781494;25.91878204;0.0;14.89900513;29.06690674;7.438215637;12.91971893;4.795581055
D28;CLAYSTONE;1013.5;1.03529;0.70182;0.64525;0.60979;0.60481;169.17287;434.88126;105;24.17351;0.20037;2.15136;0.01;4.942232513;0.2650177;25.79949112;0.0;15.22591858;28.81245728;7.314676666;12.86526718;4.774938965
D29;CLAYSTONE;1014;1.0347;0.70198;0.64495;0.60984;0.60582;169.17287;434.88126;105;24.17351;0.20036;2.15133;0.01;5.232804489;0.326087952;26.30934639;0.0;15.71249542;28.10276184;7.113423538;12.68484917;4.518231201
D30;CLAYSTONE;1014.5;1.03437;0.70222;0.64514;0.60986;0.60657;168.43158;434.88126;105;24.17351;0.20036;2.1513;0.01;5.50637722;0.345966339;26.92065525;0.0;15.91480484;27.52191315;6.967811012;12.47688198;4.34559021
D31;CLAYSTONE;1015;1.03438;0.70272;0.64529;0.60993;0.60735;167.84077;434.88126;105;24.17351;0.20036;2.15127;0.01;5.338288403;0.321573257;26.8258626;0.0;15.67388802;27.7979805;7.082936573;12.52664137;4.432829285
D32;CLAYSTONE;1015.5;1.03456;0.70305;0.64546;0.60995;0.60787;167.7117;434.88126;105;24.17351;0.20036;2.15124;0.01;5.040148687;0.270677376;26.37232232;0.0;15.28644657;28.43244362;7.260576105;12.72318015;4.61420517
D33;CLAYSTONE;1016;1.03428;0.70292;0.64542;0.60987;0.60814;168.05176;434.88126;105;24.17351;0.20036;2.15122;0.01;4.9911906;0.267847538;26.08590672;0.0;15.25618258;28.62245045;7.287626386;12.79422367;4.694572067
D34;CLAYSTONE;1016.5;1.03416;0.7032;0.64558;0.60985;0.60842;168.55879;434.88126;105;24.17351;0.20035;2.1512;0.01;5.111997545;0.296967745;26.19762655;0.0;15.484339;28.36260614;7.200524962;12.73953642;4.606401634
D35;CLAYSTONE;1017;1.03417;0.7033;0.64554;0.60976;0.60849;169.02289;434.88126;105;24.17351;0.20035;2.15118;0.01;5.309187382;0.321467042;26.5591409;0.0;15.69957192;27.94225965;7.084167987;12.6082092;4.475995922
D36;CLAYSTONE;1017.5;1.03394;0.70294;0.6453;0.60957;0.60845;169.17287;434.88126;105;24.17351;0.20035;2.15116;0.01;5.323737893;0.32152015;26.69250175;0.0;15.68672997;27.87012007;7.08355228;12.56742528;4.454412603
D37;CLAYSTONE;1018;1.03395;0.70305;0.64558;0.60964;0.60869;169.17287;434.88126;105;24.17351;0.20035;2.15114;0.01;5.18194329;0.296098763;26.53241204;0.0;15.48658827;28.15128185;7.172064193;12.64530272;4.534308887
D38;CLAYSTONE;1018.5;1.03386;0.70308;0.64552;0.60989;0.60894;169.17287;434.88126;105;24.17351;0.20035;2.15113;0.01;5.086566945;0.28197315;26.30915938;0.0;15.37138542;28.38686615;7.229845289;12.71976319;4.614440477
D39;CLAYSTONE;1019;1.03416;0.70316;0.64578;0.60964;0.60865;169.17287;434.88126;105;24.17351;0.20034;2.15111;0.01;5.099282245;0.289470448;26.25339297;0.0;15.42786221;28.37473615;7.215185126;12.7296498;4.610421056
D40;CLAYSTONE;1019.5;1.03364;0.70266;0.64535;0.60936;0.60799;169.17287;434.88126;105;24.17351;0.20034;2.1511;0.01;5.204234814;0.305468745;26.40626693;0.0;15.56371707;28.1584979;7.149676556;12.6689295;4.543208489
D41;CLAYSTONE;1020;1.03273;0.70335;0.64521;0.60887;0.60722;169.17287;434.88126;105;24.17351;0.20034;2.15108;0.01;5.263986353;0.313494447;26.54938434;0.0;15.62522352;28.01430898;7.116614418;12.61817739;4.498810546
D42;CLAYSTONE;1020.5;1.03105;0.70235;0.64496;0.60913;0.60691;169.17287;434.88126;105;24.17351;0.20034;2.15107;0.01;5.222964822;0.304796605;26.54089819;0.0;15.55590589;28.08279541;7.144339305;12.63174006;4.516559716
D43;CLAYSTONE;1021;1.0276;0.70281;0.64317;0.60996;0.60569;169.17287;434.88126;105;24.17351;0.20034;2.15106;0.01;5.154765883;0.293384878;26.42502878;0.0;15.46364566;28.23483078;7.187092297;12.67575162;4.565500097
D44;CLAYSTONE;1021.5;1.02263;0.70167;0.64064;0.60565;0.60419;169.17287;434.88126;105;24.17351;0.20033;2.15105;0.01;5.127024064;0.291427663;26.33921088;0.0;15.44575393;28.30478346;7.201138711;12.70270071;4.587960576
D45;CLAYSTONE;1022;1.02939;0.70931;0.64677;0.6096;0.60866;169.17287;434.88126;105;24.17351;0.20033;2.15104;0.01;5.165629439;0.298448204;26.3727389;0.0;15.5047355;28.23164068;7.175407634;12.68581511;4.565584532
D46;CLAYSTONE;1022.5;1.03529;0.71535;0.65106;0.61411;0.61389;169.17287;434.88126;105;24.17351;0.20033;2.15103;0.01;5.214807896;0.305971325;26.46106162;0.0;15.56497951;28.12297483;7.146011026;12.65199625;4.532197539
D47;CLAYSTONE;1023;1.02789;0.71371;0.6488;0.61112;0.61154;169.17287;434.88126;105;24.17351;0.20033;2.15102;0.01;5.218886359;0.305383965;26.50097991;0.0;15.5604427;28.10288512;7.145175166;12.64186815;4.524378628
D48;CARBONATE;1023.5;0.99757;0.70469;0.65655;0.62678;0.63169;172.36029;486.4841;100.38462;15.45183;0.55743;2.07288;0.07;99.7;0.0;0.3;0.0;0.0;0.0;0.0;0.0;0.0
D49;CARBONATE;1024;0.98931;0.71379;0.67069;0.64553;0.64625;172.43257;489.62427;97.73985;15.27923;0.54547;2.06581;0.07;98.2;1.6;0.2;0.0;0.0;0.0;0.0;0.0;0.0
D50;CARBONATE;1024.5;0.96339;0.72547;0.67699;0.64529;0.64583;171.78769;492.806;97.79288;15.20264;0.51905;2.06352;0.09;20.3;79.3;0.4;0.0;0.0;0.0;0.0;0.0;0.0
D51;CARBONATE;1025;0.98514;0.71987;0.6771;0.639;0.63933;171.5585;494.03027;99.56441;15.11202;0.5338;2.06599;0.08;98.1;1.7;0.2;0.0;0.0;0.0;0.0;0.0;0.0
D52;CARBONATE;1025.5;0.97425;0.72475;0.67016;0.63707;0.63254;171.65419;491.96658;103.54872;15.31483;0.55717;2.06919;0.07;94.8;5.0;0.2;0.0;0.0;0.0;0.0;0.0;0.0
D53;CARBONATE;1026;0.96886;0.71929;0.668;0.63444;0.62743;171.50749;489.1965;101.19081;15.38818;0.55336;2.07229;0.05;80.5;15.6;0.0;0.0;0.0;0.0;0.0;0.0;0.0
D54;CARBONATE;1026.5;0.9899;0.72264;0.66698;0.63307;0.6236;171.26761;488.0098;98.6325;15.35798;0.55801;2.07387;0.07;94.7;5.1;0.2;0.0;0.0;0.0;0.0;0.0;0.0
D55;CARBONATE;1027;1.01685;0.73665;0.68009;0.63719;0.63485;171.08298;488.76114;95.58212;15.3062;0.55996;2.07332;0.10;96.9;2.9;0.2;0.0;0.0;0.0;0.0;0.0;0.0
D56;CARBONATE;1027.5;1.04194;0.74819;0.68903;0.64463;0.64022;170.95866;487.94638;94.48956;15.31914;0.56198;2.07297;0.12;88.9;10.9;0.2;0.0;0.0;0.0;0.0;0.0;0.0
D57;CARBONATE;1028;1.0221;0.73376;0.67698;0.6319;0.62964;171.06914;488.03006;92.15187;15.46262;0.54418;2.07365;0.12;96.0;3.8;0.2;0.0;0.0;0.0;0.0;0.0;0.0
D58;CARBONATE;1028.5;0.99429;0.71569;0.66024;0.62068;0.61922;171.90048;492.91083;90.50438;15.4788;0.5122;2.07387;0.14;95.8;4.0;0.2;0.0;0.0;0.0;0.0;0.0;0.0
D59;CARBONATE;1029;0.97662;0.70961;0.65438;0.6179;0.61435;172.82883;499.24258;89.71768;15.509;0.4739;2.07429;0.16;96.9;2.9;0.2;0.0;0.0;0.0;0.0;0.0;0.0
D60;CARBONATE;1029.5;0.96925;0.70654;0.65185;0.61519;0.61359;172.40741;501.84714;90.2573;15.52734;0.47641;2.07816;0.16;99.8;0.0;0.2;0.0;0.0;0.0;0.0;0.0;0.0
D61;CARBONATE;1030;0.96005;0.70413;0.64889;0.61133;0.61129;171.67169;501.31818;91.32969;15.61688;0.48238;2.08408;0.16;93.2;6.6;0.2;0.0;0.0;0.0;0.0;0.0;0.0
D62;CARBONATE;1030.5;0.95742;0.69843;0.64498;0.60884;0.60986;171.31465;500.35425;94.98848;15.60825;0.50331;2.08846;0.15;96.9;2.9;0.2;0.0;0.0;0.0;0.0;0.0;0.0
D63;CARBONATE;1031;0.96166;0.70099;0.64678;0.61015;0.61183;171.57501;498.96521;95.25176;15.50469;0.51993;2.08509;0.12;10.9;87.9;0.2;0.0;0.0;0.0;0.0;0.0;0.0
D64;CARBONATE;1031.5;0.96005;0.70279;0.64836;0.61214;0.61469;172.36208;497.80991;96.00573;15.48311;0.52766;2.07906;0.12;98.4;1.4;0.2;0.0;0.0;0.0;0.0;0.0;0.0
D65;CARBONATE;1032;0.95933;0.70319;0.65066;0.61519;0.61644;172.24867;496.21854;97.27418;15.52195;0.54674;2.07521;0.11;95.4;4.4;0.2;0.0;0.0;0.0;0.0;0.0;0.0
D66;CARBONATE;1032.5;0.95929;0.70298;0.65095;0.61575;0.61731;171.32114;492.60373;98.434;15.49174;0.53845;2.07896;0.10;98.1;1.6;0.3;0.0;0.0;0.0;0.0;0.0;0.0
D67;CARBONATE;1033;0.96258;0.70542;0.65413;0.61825;0.6195;170.56239;486.25052;99.58521;15.37092;0.53351;2.09024;0.10;98.3;1.5;0.2;0.0;0.0;0.0;0.0;0.0;0.0
D68;CARBONATE;1033.5;0.98317;0.71666;0.66259;0.62638;0.62538;170.08794;481.31693;95.9642;14.89088;0.51155;2.10319;0.11;0.7;92.3;0.0;0.0;0.0;0.0;0.0;0.0;0.0
D69;CARBONATE;1034;1.01164;0.73239;0.67613;0.63825;0.63851;169.68842;477.7562;94.34095;15.72475;0.49528;2.10545;0.14;98.6;1.2;0.2;0.0;0.0;0.0;0.0;0.0;0.0
D70;CARBONATE;1034.5;1.01733;0.73659;0.67987;0.64119;0.64153;169.32164;472.13507;94.61886;15.78948;0.52064;2.0993;0.14;97.8;1.9;0.3;0.0;0.0;0.0;0.0;0.0;0.0
D71;CARBONATE;1035;0.99469;0.72538;0.67031;0.63346;0.63439;169.20642;469.48099;93.66183;15.79748;0.55927;2.09037;0.14;66.7;30.7;0.3;0.0;0.0;0.0;0.0;0.0;0.0
D72;CARBONATE;1035.5;0.98304;0.72128;0.66835;0.63212;0.6339;169.65331;474.71927;94.38709;15.83694;0.60656;2.08808;0.13;95.4;4.3;0.3;0.0;0.0;0.0;0.0;0.0;0.0
D73;CARBONATE;1036;0.98115;0.72204;0.66893;0.63186;0.63474;170.44643;482.24097;95.74145;15.76676;0.59948;2.08741;0.07;98.4;1.4;0.2;0.0;0.0;0.0;0.0;0.0;0.0
D74;CARBONATE;1036.5;0.99506;0.72937;0.67534;0.63967;0.64334;171.15224;487.21942;98.93281;15.72575;0.60483;2.08494;0.08;77.4;21.2;0.2;0.0;0.0;0.0;0.0;0.0;0.0
D75;CARBONATE;1037;1.00823;0.73714;0.68231;0.64497;0.64793;171.77177;491.14169;101.05285;15.7501;0.56847;2.07873;0.06;71.5;26.5;0.2;0.0;0.0;0.0;0.0;0.0;0.0
D76;CARBONATE;1037.5;1.01598;0.74137;0.68732;0.64912;0.65252;172.4276;497.49597;101.65965;15.72791;0.56257;2.07428;0.07;94.4;5.4;0.2;0.0;0.0;0.0;0.0;0.0;0.0
D77;CARBONATE;1038;1.01213;0.74071;0.68821;0.65182;0.65418;172.74461;505.18616;98.5123;15.71531;0.53501;2.07334;0.07;31.1;65.9;0.2;0.0;0.0;0.0;0.0;0.0;0.0
D78;CARBONATE;1038.5;1.02012;0.74542;0.68877;0.65343;0.65603;173.33409;507.43893;97.76494;15.78854;0.55487;2.08434;0.10;96.8;3.0;0.2;0.0;0.0;0.0;0.0;0.0;0.0
D79;CARBONATE;1039;1.05024;0.75534;0.69856;0.66269;0.66606;173.67247;504.92871;97.83012;15.75861;0.59945;2.08979;0.10;93.5;6.3;0.2;0.0;0.0;0.0;0.0;0.0;0.0
D80;CARBONATE;1039.5;1.05914;0.76474;0.70763;0.67255;0.67492;173.64603;502.09326;98.68591;15.75601;0.63135;2.08833;0.07;94.2;5.6;0.2;0.0;0.0;0.0;0.0;0.0;0.0
D81;CARBONATE;1040;1.04807;0.75967;0.70312;0.66497;0.67039;172.87695;497.26831;95.83759;15.7294;0.61016;2.07952;0.03;94.0;5.8;0.2;0.0;0.0;0.0;0.0;0.0;0.0
D82;CARBONATE;1040.5;1.03627;0.75484;0.69836;0.6622;0.66968;170.90884;488.70984;91.21408;15.67148;0.55596;2.08242;0.08;97.0;2.7;0.3;0.0;0.0;0.0;0.0;0.0;0.0
D83;CARBONATE;1041;1.02694;0.74491;0.69009;0.65413;0.6605;169.5986;481.37744;85.89373;15.64032;0.54039;2.0902;0.16;83.5;16.3;0.2;0.0;0.0;0.0;0.0;0.0;0.0
D84;CARBONATE;1041.5;1.01991;0.73435;0.68203;0.64643;0.65033;169.40244;480.05643;85.16148;15.61605;0.54604;2.10118;0.19;83.0;17.0;0.0;0.0;0.0;0.0;0.0;0.0;0.0
D85;CARBONATE;1042;1.0096;0.72437;0.67428;0.63831;0.63943;169.43073;483.82855;86.5696;15.64584;0.53422;2.10576;0.18;78.2;21.5;0.3;0.0;0.0;0.0;0.0;0.0;0.0
D86;CARBONATE;1042.5;1.00167;0.71501;0.66553;0.63059;0.62862;169.35674;488.31067;91.73529;15.66909;0.51362;2.10959;0.19;89.7;10.1;0.2;0.0;0.0;0.0;0.0;0.0;0.0
D87;CARBONATE;1043;0.99705;0.71088;0.66054;0.62788;0.61952;168.60257;490.26074;91.30505;15.61982;0.50009;2.11035;0.17;95.2;4.6;0.2;0.0;0.0;0.0;0.0;0.0;0.0
D88;CARBONATE;1043.5;0.98868;0.7087;0.65677;0.62237;0.61388;167.82103;491.55249;91.86453;15.62741;0.5362;2.11357;0.18;88.7;9.0;0.2;0.0;0.0;0.0;0.0;0.0;0.0
D89;CARBONATE;1044;0.98691;0.70845;0.65327;0.6139;0.60265;167.37747;493.71463;88.48071;15.79578;0.55894;2.11589;0.17;93.0;6.0;0.2;0.0;0.0;0.0;0.0;0.0;0.0
D90;CARBONATE;1044.5;0.98811;0.71033;0.65231;0.6096;0.59872;166.89073;493.9252;89.60421;15.86715;0.57538;2.12041;0.14;94.6;4.3;0.2;0.0;0.0;0.0;0.0;0.0;0.0
D91;CARBONATE;1045;1.0013;0.71415;0.65178;0.60704;0.5962;166.51942;489.83813;90.47892;15.86766;0.56575;2.12407;0.12;97.6;2.1;0.3;0.0;0.0;0.0;0.0;0.0;0.0
D92;CARBONATE;1045.5;1.01257;0.7175;0.65171;0.60557;0.59496;166.01839;484.53583;93.46394;15.84126;0.5653;2.12834;0.13;96.3;3.5;0.2;0.0;0.0;0.0;0.0;0.0;0.0
D93;CARBONATE;1046;1.01487;0.71781;0.65314;0.60538;0.59559;165.50374;482.36127;96.18929;15.69006;0.55758;2.12927;0.12;90.5;8.8;0.2;0.0;0.0;0.0;0.0;0.0;0.0
D94;CARBONATE;1046.5;1.02958;0.71979;0.65401;0.60527;0.59703;165.27533;482.45996;94.93881;15.41566;0.54821;2.12523;0.13;80.6;19.3;0.1;0.0;0.0;0.0;0.0;0.0;0.0
D95;CARBONATE;1047;1.03891;0.72301;0.65509;0.6063;0.5995;165.33577;481.73337;94.58237;15.26562;0.52527;2.123;0.15;88.0;11.9;0.1;0.0;0.0;0.0;0.0;0.0;0.0
D96;CARBONATE;1047.5;1.04149;0.72398;0.65668;0.60814;0.60277;165.70561;479.69479;93.90428;15.20706;0.5412;2.12043;0.16;89.9;9.9;0.2;0.0;0.0;0.0;0.0;0.0;0.0
D97;CARBONATE;1048;1.04377;0.7254;0.6583;0.60989;0.60635;166.21703;478.32169;97.03387;15.24209;0.55398;2.12161;0.16;87.5;8.4;0.2;0.0;0.0;0.0;0.0;0.0;0.0
D98;CARBONATE;1048.5;1.04714;0.72739;0.65999;0.61235;0.60973;166.58961;478.00818;100.81654;15.3827;0.57433;2.12444;0.13;93.9;6.0;0.1;0.0;0.0;0.0;0.0;0.0;0.0
D99;CARBONATE;1049;1.05061;0.72855;0.66146;0.61508;0.61503;166.81306;477.29846;103.21489;15.48247;0.55455;2.12446;0.09;10.5;88.3;0.2;0.0;0.0;0.0;0.0;0.0;0.0
D100;CARBONATE;1049.5;1.04641;0.72714;0.66;0.61449;0.61335;167.33942;476.97501;105;15.47116;0.54641;2.12111;0.09;61.7;37.2;0.2;0.0;0.0;0.0;0.0;0.0;0.0
D101;CARBONATE;1050;1.04226;0.72516;0.65811;0.61394;0.6148;168.08011;479.26129;105;15.57441;0.54783;2.11637;0.07;84.9;9.6;0.2;0.0;0.0;0.0;0.0;0.0;0.0
D102;CARBONATE;1050.5;1.04743;0.72653;0.66052;0.61593;0.61583;168.16426;483.50906;105;15.68591;0.57779;2.11678;0.07;1.2;93.4;0.2;0.0;0.0;0.0;0.0;0.0;0.0
D103;CARBONATE;1051;1.0543;0.73101;0.66415;0.61789;0.6183;167.7442;485.84262;105;15.6214;0.61897;2.11623;0.06;35.9;63.9;0.2;0.0;0.0;0.0;0.0;0.0;0.0
D104;CARBONATE;1051.5;1.05992;0.7335;0.6666;0.62043;0.62081;167.06873;485.02567;105;15.48414;0.61907;2.10986;0.02;10.3;77.6;12.1;0.0;0.0;0.0;0.0;0.0;0.0
D105;CARBONATE;1052;1.06537;0.73816;0.66907;0.62225;0.62245;166.33241;484.00357;103.74693;15.32998;0.59561;2.10217;0.03;2.1;97.6;0.3;0.0;0.0;0.0;0.0;0.0;0.0
D106;CARBONATE;1052.5;1.06683;0.74021;0.67094;0.62393;0.62355;165.82216;486.19046;105;15.36661;0.55251;2.0994;0.06;52.6;44.3;0.2;0.0;0.0;0.0;0.0;0.0;0.0
D107;CARBONATE;1053;1.06012;0.73516;0.66659;0.61981;0.61962;165.75636;491.1355;105;15.31689;0.6058;2.09826;0.06;85.6;14.2;0.2;0.0;0.0;0.0;0.0;0.0;0.0
D108;CARBONATE;1053.5;1.04928;0.73022;0.66265;0.61605;0.61546;165.92314;496.32196;105;15.51224;0.66221;2.09724;0.04;91.8;8.0;0.2;0.0;0.0;0.0;0.0;0.0;0.0
D109;CARBONATE;1054;1.04351;0.72572;0.65882;0.6127;0.61155;165.88847;500.40701;105;15.86408;0.64715;2.09717;0.00;92.0;6.0;0.2;0.0;0.0;0.0;0.0;0.0;0.0
D110;CARBONATE;1054.5;1.03824;0.72253;0.65533;0.60948;0.60836;165.21443;500.87204;105;16.20301;0.59015;2.09901;0.01;95.5;4.3;0.2;0.0;0.0;0.0;0.0;0.0;0.0
D111;CARBONATE;1055;1.03686;0.72353;0.65723;0.61127;0.60925;164.07933;499.03549;105;16.26349;0.53855;2.10102;0.06;61.7;38.1;0.2;0.0;0.0;0.0;0.0;0.0;0.0
D112;CARBONATE;1055.5;1.03871;0.72463;0.65808;0.61195;0.60849;163.78828;498.27982;101.03275;16.35735;0.57192;2.09883;0.06;96.2;3.6;0.2;0.0;0.0;0.0;0.0;0.0;0.0
D113;CARBONATE;1056;1.04009;0.72517;0.65747;0.61157;0.60678;164.46164;500.25696;96.14809;16.81479;0.58511;2.09864;0.10;98.8;1.0;0.2;0.0;0.0;0.0;0.0;0.0;0.0
D114;CARBONATE;1056.5;1.04075;0.72631;0.65742;0.61134;0.6073;165.26584;498.48401;96.33789;17.1454;0.57651;2.09718;0.10;93.9;5.9;0.2;0.0;0.0;0.0;0.0;0.0;0.0
D115;CARBONATE;1057;1.05081;0.73174;0.66282;0.6172;0.61403;166.15718;487.88629;99.61787;17.35333;0.52387;2.09806;0.11;98.1;1.7;0.2;0.0;0.0;0.0;0.0;0.0;0.0
D116;CARBONATE;1057.5;1.05079;0.7334;0.66423;0.61765;0.61615;166.77431;477.83768;99.9977;17.21163;0.50107;2.09957;0.10;98.0;1.8;0.2;0.0;0.0;0.0;0.0;0.0;0.0
D117;CARBONATE;1058;1.04816;0.73394;0.66381;0.61636;0.61508;166.70316;474.30051;98.86617;17.12304;0.5213;2.10096;0.10;96.1;3.6;0.3;0.0;0.0;0.0;0.0;0.0;0.0
D118;CARBONATE;1058.5;1.04199;0.73174;0.66134;0.61346;0.6135;165.98003;474.51013;98.66041;17.12808;0.5588;2.1024;0.11;98.9;0.9;0.2;0.0;0.0;0.0;0.0;0.0;0.0
D119;CARBONATE;1059;1.04852;0.73632;0.66754;0.61999;0.62084;165.64273;475.79843;96.46321;17.04458;0.54772;2.10476;0.12;98.9;0.9;0.2;0.0;0.0;0.0;0.0;0.0;0.0
D120;CARBONATE;1059.5;1.05952;0.74329;0.67356;0.62646;0.6279;165.79951;478.1879;96.244;16.931;0.50561;2.10837;0.14;98.0;1.7;0.3;0.0;0.0;0.0;0.0;0.0;0.0
D121;CARBONATE;1060;1.06972;0.74874;0.68014;0.63202;0.63503;166.2361;480.30139;96.54965;16.78524;0.50809;2.11166;0.14;79.0;18.9;0.2;0.0;0.0;0.0;0.0;0.0;0.0
D122;CARBONATE;1060.5;1.07431;0.75049;0.68171;0.63567;0.63839;166.82602;480.00549;97.2628;16.85495;0.52417;2.11055;0.13;96.4;3.4;0.2;0.0;0.0;0.0;0.0;0.0;0.0
D123;CARBONATE;1061;1.0783;0.75278;0.6841;0.6403;0.64258;167.36043;482.43677;93.89373;16.82989;0.56259;2.10637;0.13;98.3;1.5;0.2;0.0;0.0;0.0;0.0;0.0;0.0
D124;CARBONATE;1061.5;1.09147;0.75618;0.68812;0.64309;0.6454;167.85547;484.78616;89.99734;16.73477;0.57764;2.09635;0.13;96.8;2.9;0.3;0.0;0.0;0.0;0.0;0.0;0.0
D125;CARBONATE;1062;1.09755;0.76153;0.69195;0.64735;0.64821;168.41869;485.72388;89.85073;16.62552;0.58109;2.08577;0.12;98.3;1.4;0.3;0.0;0.0;0.0;0.0;0.0;0.0
D126;CARBONATE;1062.5;1.09689;0.76006;0.69259;0.64638;0.6481;169.2867;484.25388;95.64358;16.5597;0.56027;2.07473;0.12;27.4;69.8;0.1;0.0;0.0;0.0;0.0;0.0;0.0
D127;CARBONATE;1063;1.07565;0.75455;0.68776;0.64463;0.64501;170.42413;481.22647;98.84905;16.44849;0.57513;2.06702;0.09;98.5;1.3;0.2;0.0;0.0;0.0;0.0;0.0;0.0
D128;CARBONATE;1063.5;1.06605;0.74648;0.67982;0.63867;0.63982;170.94739;479.88376;98.56334;16.53311;0.62332;2.06601;0.07;99.8;0.0;0.2;0.0;0.0;0.0;0.0;0.0;0.0
D129;CARBONATE;1064;1.05213;0.73739;0.67165;0.62919;0.62749;170.92029;481.33505;92.43883;16.79028;0.63535;2.07933;0.04;98.3;1.4;0.3;0.0;0.0;0.0;0.0;0.0;0.0
D130;CARBONATE;1064.5;1.04695;0.73465;0.67026;0.62795;0.62641;170.78429;482.69916;87.57793;17.00541;0.58993;2.09878;0.04;99.8;0.0;0.2;0.0;0.0;0.0;0.0;0.0;0.0
D131;CARBONATE;1065;1.06144;0.74614;0.67764;0.63539;0.63072;171.1071;482.91083;84.43816;17.01108;0.55499;2.11135;0.12;99.8;0.0;0.2;0.0;0.0;0.0;0.0;0.0;0.0
D132;CARBONATE;1065.5;1.08965;0.76367;0.69094;0.64285;0.6397;171.92619;483.48575;82.97794;16.86621;0.5806;2.10914;0.16;99.8;0.0;0.2;0.0;0.0;0.0;0.0;0.0;0.0
D133;CARBONATE;1066;1.08616;0.76529;0.69209;0.6412;0.64087;172.2811;486.65695;84.64459;16.72973;0.60511;2.10627;0.12;99.7;0.0;0.3;0.0;0.0;0.0;0.0;0.0;0.0
D134;CARBONATE;1066.5;1.07582;0.75834;0.68757;0.63915;0.63847;172.26054;490.88657;84.59949;16.70015;0.59238;2.11142;0.09;99.8;0.0;0.2;0.0;0.0;0.0;0.0;0.0;0.0
D135;CARBONATE;1067;1.06134;0.75366;0.68454;0.63887;0.63776;172.38446;493.74844;86.7095;16.60762;0.55394;2.11974;0.11;99.8;0.0;0.2;0.0;0.0;0.0;0.0;0.0;0.0
D136;CARBONATE;1067.5;1.0621;0.75161;0.68106;0.63659;0.63446;172.59431;495.95624;87.16592;16.5575;0.53555;2.12135;0.16;98.5;1.2;0.3;0.0;0.0;0.0;0.0;0.0;0.0
D137;CARBONATE;1068;1.08007;0.75573;0.68626;0.64353;0.64133;173.02609;498.49158;91.89896;16.69077;0.5084;2.1145;0.18;98.3;1.5;0.2;0.0;0.0;0.0;0.0;0.0;0.0
D138;CARBONATE;1068.5;1.08059;0.76308;0.69281;0.65011;0.65164;173.40233;500.80521;94.67418;16.85601;0.50891;2.10966;0.16;98.7;1.1;0.2;0.0;0.0;0.0;0.0;0.0;0.0
D139;CARBONATE;1069;1.0945;0.77464;0.70167;0.6592;0.6619;173.77907;503.76358;95.96239;16.72849;0.51776;2.10971;0.14;99.7;0.0;0.3;0.0;0.0;0.0;0.0;0.0;0.0
D140;CARBONATE;1069.5;1.08941;0.77552;0.70376;0.66196;0.66674;174.56245;508.16351;94.29356;16.59611;0.51886;2.11098;0.14;99.8;0.0;0.2;0.0;0.0;0.0;0.0;0.0;0.0
D141;CARBONATE;1070;1.06701;0.76792;0.69946;0.6614;0.66862;174.64163;506.43408;94.34677;16.80425;0.49322;2.10648;0.15;99.8;0.0;0.2;0.0;0.0;0.0;0.0;0.0;0.0
D142;CARBONATE;1070.5;1.04653;0.76293;0.69808;0.66116;0.6705;173.94218;501.52615;92.91714;16.54029;0.49353;2.10505;0.15;99.7;0.0;0.3;0.0;0.0;0.0;0.0;0.0;0.0
D143;CARBONATE;1071;1.05961;0.76642;0.70186;0.66594;0.67649;172.72182;493.52432;92.45051;16.49248;0.52495;2.1048;0.16;99.7;0.0;0.3;0.0;0.0;0.0;0.0;0.0;0.0
D144;CARBONATE;1071.5;1.06847;0.76884;0.70453;0.66994;0.6825;171.46431;486.30637;93.07838;16.32968;0.52445;2.10692;0.16;99.8;0.0;0.2;0.0;0.0;0.0;0.0;0.0;0.0
D145;CARBONATE;1072;1.06003;0.76713;0.70618;0.67249;0.68594;170.28981;482.13934;90.75842;16.15055;0.51218;2.113;0.17;97.9;1.9;0.2;0.0;0.0;0.0;0.0;0.0;0.0
D146;CARBONATE;1072.5;1.04204;0.76193;0.70422;0.67234;0.68726;169.43161;479.91592;86.63407;16.28307;0.50219;2.11411;0.19;97.7;2.0;0.3;0.0;0.0;0.0;0.0;0.0;0.0
D147;CARBONATE;1073;1.03213;0.75545;0.69984;0.67026;0.68393;168.7879;481.83371;83.47242;16.24195;0.51527;2.11849;0.22;98.6;1.1;0.3;0.0;0.0;0.0;0.0;0.0;0.0
D148;CARBONATE;1073.5;1.03949;0.76614;0.70938;0.68005;0.69144;168.12558;488.28754;83.84354;16.46461;0.53139;2.11322;0.22;99.15;0.55;0.3;0.0;0.0;0.0;0.0;0.0;0
D149;CARBONATE;1074;1.04584;0.77475;0.71701;0.68526;0.69706;167.5206;493.83173;85.38908;16.58114;0.55633;2.11768;0.19;99.475;0.275;0.25;0.0;0.0;0.0;0.0;0.0;0
D150;CARBONATE;1074.5;1.04205;0.78083;0.72376;0.69244;0.70245;167.05234;495.92029;86.76965;16.36019;0.56493;2.12183;0.15;98.6875;1.0875;0.225;0.0;0.0;0.0;0.0;0.0;0
D151;CARBONATE;1075;1.03502;0.77216;0.71668;0.68378;0.69208;166.71378;494.91949;86.66878;16.26215;0.56097;2.12537;0.14;98.19375;1.54375;0.2625;0.0;0.0;0.0;0.0;0.0;0
D152;CARBONATE;1075.5;1.02614;0.76399;0.71202;0.68438;0.69346;166.33348;492.33694;88.67728;16.16621;0.55754;2.12099;0.15;98.396875;1.321875;0.28125;0.0;0.0;0.0;0.0;0.0;0
D153;CARBONATE;1076;1.01478;0.7655;0.71323;0.68462;0.69252;166.26524;487.05374;86.68561;16.14119;0.53688;2.10949;0.16;98.7734375;0.9359375;0.290625;0.0;0.0;0.0;0.0;0.0;0
D154;CARBONATE;1076.5;1.00949;0.76902;0.71604;0.686;0.69316;165.87752;484.01389;85.67969;17.76845;0.4971;2.09828;0.19;99.12421875;0.60546875;0.2703125;0.0;0.0;0.0;0.0;0.0;0
D155;CARBONATE;1077;1.00949;0.76096;0.71431;0.68499;0.69167;165.6881;483.05408;88.81274;17.84202;0.47058;2.08884;0.20;98.90585938;0.846484375;0.24765625;0.0;0.0;0.0;0.0;0.0;0
D156;CARBONATE;1077.5;1.00808;0.75749;0.70763;0.68138;0.68745;165.94334;482.05585;90.69525;17.78265;0.47647;2.09074;0.18;98.54980469;1.195117188;0.255078125;0.0;0.0;0.0;0.0;0.0;0
D157;CARBONATE;1078;1.00548;0.76218;0.71164;0.6844;0.6911;166.34644;482.66266;92.32766;17.67025;0.49603;2.09658;0.17;98.47333984;1.258496094;0.268164063;0.0;0.0;0.0;0.0;0.0;0
D158;CARBONATE;1078.5;1.00451;0.76315;0.71489;0.68698;0.69395;166.21446;486.03616;92.32209;17.48656;0.49821;2.10182;0.16;98.62338867;1.097216797;0.279394531;0.0;0.0;0.0;0.0;0.0;0
D159;CARBONATE;1079;0.99979;0.76327;0.71427;0.68659;0.69366;166.6033;487.75336;92.67542;17.25554;0.49101;2.09776;0.16;98.87380371;0.851342773;0.274853516;0.0;0.0;0.0;0.0;0.0;0
D160;CARBONATE;1079.5;0.99978;0.7624;0.71394;0.68644;0.69294;167.12329;487.79849;93.9709;16.46512;0.49821;2.08645;0.15;98.88983154;0.848913574;0.261254883;0.0;0.0;0.0;0.0;0.0;0
D161;CARBONATE;1080;0.99678;0.76131;0.71392;0.68584;0.69158;167.60373;486.06058;91.75548;15.92;0.51323;2.08658;0.14;98.71981812;1.022015381;0.258166504;0.0;0.0;0.0;0.0;0.0;0
D162;CARBONATE;1080.5;0.99716;0.76;0.71384;0.68703;0.69244;168.78874;486.08429;89.43011;15.65306;0.52224;2.10349;0.17;98.59657898;1.140255737;0.263165283;0.0;0.0;0.0;0.0;0.0;0
D163;CARBONATE;1081;0.9978;0.7613;0.71449;0.6898;0.69199;168.52852;487.04846;86.27026;15.29238;0.52614;2.11357;0.19;98.60998383;1.118736267;0.271279907;0.0;0.0;0.0;0.0;0.0;0
D164;CARBONATE;1081.5;1.00055;0.75996;0.71681;0.69036;0.69345;168.43594;487.92862;85.05497;14.99577;0.52671;2.11302;0.20;98.74189377;0.98503952;0.273066711;0.0;0.0;0.0;0.0;0.0;0
D165;CARBONATE;1082;0.99824;0.75976;0.716;0.69009;0.69211;169.44861;488.95795;86.99246;14.74932;0.54221;2.10604;0.20;98.81586266;0.916976547;0.267160797;0.0;0.0;0.0;0.0;0.0;0
D166;CARBONATE;1082.5;0.99769;0.76027;0.71704;0.69096;0.69289;171.02681;490.73102;86.40055;14.37252;0.54178;2.11243;0.18;98.76784039;0.969495964;0.262663651;0.0;0.0;0.0;0.0;0.0;0
D167;CARBONATE;1083;0.98565;0.75483;0.71111;0.68596;0.68544;172.69501;494.60513;81.92765;14.00813;0.5582;2.12028;0.18;98.68220968;1.054875851;0.262914467;0.0;0.0;0.0;0.0;0.0;0
D168;CARBONATE;1083.5;0.97573;0.74947;0.70681;0.68105;0.68078;173.84198;497.7515;75.34528;13.88492;0.54403;2.11829;0.17;98.64609675;1.086806059;0.267097187;0.0;0.0;0.0;0.0;0.0;0
D169;CARBONATE;1084;0.98437;0.75532;0.7125;0.68648;0.68492;176.53606;498.47574;71.94468;13.72745;0.53586;2.11659;0.20;98.69399526;1.03592279;0.270081949;0.0;0.0;0.0;0.0;0.0;0
D170;CARBONATE;1084.5;0.98992;0.76023;0.71626;0.69013;0.68917;178.87511;497.82864;73.76063;13.34126;0.51269;2.11551;0.22;98.75492896;0.976449668;0.268621373;0.0;0.0;0.0;0.0;0.0;0
D171;sandstone;1085;0.99579;0.76584;0.72247;0.6955;0.69301;179.597;497.3558;75.43643;13.22355;0.52956;2.11756;0.24;5.1;2.7;77.8;0.0;3.0;4.1;4.5;0.9;1.9
D172;sandstone;1085.5;0.98471;0.7628;0.71977;0.69525;0.69465;178.65106;495.6485;79.29591;13.23497;0.56049;2.11713;0.21;27.2;0.0;53.0;2.3;10.7;2.3;2.2;0.0;2.3
D173;sandstone;1086;0.97791;0.7594;0.71724;0.69497;0.69638;177.00627;490.79819;80.97596;13.13565;0.5774;2.11582;0.16;3.1;0.0;69.8;2.1;18.0;4.4;0.7;1.2;0.7
D174;sandstone;1086.5;0.96781;0.75688;0.71597;0.69593;0.69937;173.7207;490.23215;83.24025;13.19457;0.56016;2.11362;0.14;0.0;4.1;61.7;4.9;17.5;5.3;1.8;0.0;0.0
D175;sandstone;1087;0.96098;0.75542;0.71351;0.69532;0.70317;171.57552;491.35016;84.7303;13.16213;0.55007;2.10999;0.16;0.5;0.0;63.7;2.8;13.6;13.2;1.6;3.2;1.4
D176;sandstone;1087.5;0.94211;0.75163;0.71302;0.69666;0.70714;170.58638;491.2803;83.85726;13.12712;0.54678;2.10817;0.17;1.6;0.0;70.0;3.8;16.8;3.9;1.5;1.9;0.5
D177;sandstone;1088;0.94535;0.74824;0.71217;0.69778;0.71365;169.79955;489.40012;85.79189;13.09866;0.55356;2.11601;0.18;3.5;0.8;78.1;4.6;10.8;0.3;1.6;0.0;0.3
D178;sandstone;1088.5;0.9466;0.74759;0.71609;0.70297;0.71775;169.70326;487.46545;86.52539;13.16308;0.56485;2.1159;0.16;1.2;1.6;73.5;4.7;12.0;2.7;2.7;1.6;0.0
D179;sandstone;1089;0.94414;0.74845;0.71665;0.705;0.72246;170.02205;487.36301;87.65908;13.22129;0.57314;2.11197;0.14;0.0;3.5;69.8;2.8;18.3;3.2;1.1;1.3;0.0
D180;sandstone;1089.5;0.94088;0.74794;0.71784;0.70979;0.72889;170.63913;487.5217;84.75369;13.28396;0.57055;2.11381;0.13;0.0;5.9;71.8;3.4;13.6;2.8;1.8;0.7;0.0
D181;sandstone;1090;0.93204;0.74672;0.71985;0.71366;0.73457;170.68257;488.30917;84.72494;13.18411;0.5313;2.11528;0.15;0.6;7.2;67.7;3.8;11.1;4.4;1.1;0.8;0.0
D182;sandstone;1090.5;0.91805;0.74906;0.72209;0.71793;0.74149;170.65581;490.01251;82.74069;13.35486;0.52532;2.11466;0.20;0.0;0.0;11.3;1.1;8.1;50.2;12.6;9.1;7.6
D183;sandstone;1091;0.9092;0.74293;0.71628;0.7133;0.73737;171.20555;492.79498;84.86403;13.08696;0.54256;2.11109;0.21;0.3;0.3;68.8;4.8;19.2;2.8;2.6;1.0;0.2
D184;sandstone;1091.5;0.90046;0.73046;0.70596;0.70322;0.7313;171.48296;496.84476;83.03933;13.20358;0.55123;2.1117;0.18;0.0;0.0;17.7;0.0;48.0;2.2;5.6;24.0;2.5
D185;sandstone;1092;0.88659;0.72385;0.69891;0.69611;0.72773;171.85934;499.77203;87.04144;13.26409;0.54681;2.11932;0.17;0.0;0.0;33.6;1.8;31.3;19.8;4.3;6.8;2.4
D186;sandstone;1092.5;0.85678;0.70072;0.68097;0.68286;0.71453;172.451;500.73779;82.06006;13.12828;0.54212;2.12364;0.17;90.7;0.4;2.6;0.2;2.1;3.1;0.0;0.9;0.0
D187;sandstone;1093;0.80332;0.66579;0.64735;0.64818;0.67783;172.81219;502.75308;80.22089;13.05303;0.53681;2.12774;0.19;2.1;0.0;67.7;0.0;23.9;3.4;0.9;1.4;0.6
D188;sandstone;1093.5;0.78399;0.65307;0.63258;0.62628;0.66059;172.6528;502.68921;77.42625;13.1059;0.55526;2.1254;0.19;10.0;8.4;65.5;0.8;11.0;2.9;1.4;0.0;0.0
D189;sandstone;1094;0.81987;0.67314;0.65844;0.65701;0.6897;171.8353;502.21896;78.07407;13.40799;0.57716;2.11716;0.17;0.0;14.5;65.4;0.0;15.0;1.9;1.3;1.9;0.0
D190;sandstone;1094.5;0.84892;0.68408;0.67691;0.67124;0.69607;170.69273;499.84076;80.32757;13.36311;0.55513;2.12211;0.15;6.0;18.3;36.0;0.0;23.5;8.8;2.6;4.8;0.0
D191;sandstone;1095;0.85578;0.68258;0.67931;0.6675;0.68677;170.76233;498.10217;81.90874;13.26799;0.52501;2.12485;0.18;17.6;0.6;42.1;0.0;31.0;3.9;1.7;3.1;0.0
D192;sandstone;1095.5;0.86717;0.68631;0.67664;0.67485;0.67858;171.87091;497.47733;80.19053;13.21556;0.51952;2.11664;0.22;32.2;0.0;35.0;1.0;25.5;4.0;0.6;1.2;0.5
D193;sandstone;1096;0.88589;0.69289;0.68759;0.67379;0.6721;172.5237;500.34116;80.7555;13.37847;0.53215;2.09853;0.23;0.2;0.0;51.9;2.1;30.8;6.8;5.5;2.5;0.2
D194;sandstone;1096.5;0.9271;0.71154;0.70077;0.67616;0.66521;173.37402;502.31992;80.74416;14.35043;0.53805;2.09487;0.21;14.9;0.0;46.2;0.7;28.8;4.9;3.3;1.2;0.0
D195;sandstone;1097;0.98279;0.73917;0.72512;0.69359;0.66701;174.01076;504.42578;84.9415;14.55323;0.52771;2.10318;0.20;58.17746448;0.788224834;21.18431069;0;15.5;1.95;0.85;1.55;0
D196;sandstone;1097.5;1.04163;0.767;0.7445;0.70594;0.67201;174.85298;506.94608;78.73907;14.84232;0.50403;2.12511;0.21;18.65;1.35;56.4;0.5;14.25;4.05;2.55;1.05;1.2
D197;sandstone;1098;1.09649;0.79558;0.76696;0.71885;0.67811;175.77623;514.61389;79.54202;18.06354;0.47793;2.12967;0.25;13.7;0;52.45;2.2;20.75;4.55;3.85;1.25;1.25
D198;sandstone;1098.5;1.16865;0.83945;0.79706;0.73716;0.6827;177.93675;530.23004;83.89456;19.45508;0.46616;2.13106;0.28;9;0;58;1.4;23.4;4.65;2;1.2;0.35
D199;sandstone;1099;1.24465;0.8781;0.81854;0.74812;0.69454;180.48778;534.92743;88.86227;19.54962;0.48113;2.13507;0.25;29.08873224;2.444112417;41.44215534;2.45;16.5;3.625;1.325;0.775;0
D200;sandstone;1099.5;1.32244;0.88868;0.82836;0.74695;0.69634;183.06851;541.026;87.89755;16.90859;0.49044;2.11906;0.21;9.575;0.675;60.05;1.65;13.925;8.625;2.075;2.125;1.3
D201;sandstone;1100;1.28292;0.87047;0.80056;0.72429;0.68154;184.51959;545.84473;85.12773;15.61255;0.51474;2.06953;0.19;7.65;0;61.225;3;18.775;4.225;2.675;1.575;0.875
D202;sandstone;1100.5;1.26785;0.85186;0.78457;0.7097;0.6702;185.09676;548.51611;85.07835;14.43281;0.55167;2.04637;0.18;6.25;0.4;68.05;3;17.1;2.475;1.8;0.6;0.325
D203;sandstone;1101;1.28835;0.86997;0.79187;0.71132;0.67466;184.5876;519.0412;82.5676;14.77545;0.57757;2.06491;0.17;15.14436612;2.022056209;57.47107767;3.575;14.25;3.1625;2.0125;1.1875;0
D204;sandstone;1101.5;1.29537;0.87536;0.79307;0.71236;0.67839;183.21477;488.21484;84.38937;14.89323;0.56052;2.12357;0.13;4.7875;2.0875;64.925;2.225;16.1125;5.9125;1.5875;1.7125;0.65
D205;sandstone;1102;1.31838;0.87555;0.79521;0.71227;0.68229;180.11902;462.37411;84.5391;14.0659;0.52794;2.16369;0.15;3.825;2.95;66.5125;3.2;16.1875;3.5125;2.2375;1.1375;0.4375
D206;sandstone;1102.5;1.30952;0.88338;0.79569;0.71145;0.68178;176.16624;437.86819;80.44671;13.65241;0.54656;2.18555;0.18;3.425;3.8;67.875;3.4;14.1;3.4375;1.45;0.7;0.1625
D207;sandstone;1103;1.28547;0.87678;0.7836;0.7082;0.68445;173.57559;424.25845;77.01054;13.67762;0.56518;2.17824;0.16;7.57218306;1.011028104;34.38553884;2.3375;11.175;26.68125;7.30625;5.14375;3.8
D208;sandstone;1103.5;1.23797;0.85462;0.77064;0.70082;0.68596;172.90247;432.09;71.6726;13.90833;0.53531;2.1474;0.16;2.54375;1.19375;66.8625;3.5125;17.65625;4.35625;2.09375;1.35625;0.425
D209;sandstone;1104;1.18826;0.84616;0.75961;0.69176;0.68459;173.89104;448.87784;67.41138;13.31142;0.50218;2.12934;0.23;1.9125;1.475;42.10625;1.6;32.09375;2.85625;3.91875;12.56875;1.46875
D210;sandstone;1104.5;1.1535;0.82632;0.74866;0.68428;0.68185;174.97119;462.86411;60.80077;13.23203;0.49299;2.12461;0.28;1.7125;1.9;50.7375;2.6;22.7;11.61875;2.875;3.75;1.28125
D211;sandstone;1105;1.1803;0.82639;0.75242;0.6885;0.69197;175.58875;466.02106;63.07272;13.03806;0.52225;2.11733;0.30;49.13609153;0.705514052;18.49276942;1.26875;6.6375;14.890625;3.653125;3.021875;1.9
D212;sandstone;1105.5;1.19208;0.82558;0.76472;0.70006;0.69533;176.34293;463.78113;67.29482;12.95683;0.529;2.10746;0.26;2.321875;0.596875;67.28125;1.75625;20.778125;3.878125;1.496875;1.378125;0.5125
D213;sandstone;1106;1.20518;0.83389;0.76609;0.70142;0.69887;176.84192;457.06476;73.66002;12.63949;0.52405;2.11662;0.24;5.95625;4.9375;53.803125;1.2;21.546875;2.878125;2.659375;6.284375;0.734375
D214;sandstone;1106.5;1.24107;0.84238;0.77453;0.70999;0.70688;176.36694;445.71078;74.98823;12.59924;0.5236;2.11662;0.23;0.85625;8.2;58.06875;1.3;18.85;6.759375;2.0875;2.825;0.640625
D215;sandstone;1107;1.26269;0.85345;0.78863;0.72243;0.7123;175.03368;443.43793;74.00036;12.57481;0.56341;2.11831;0.22;27.56804576;9.502757026;27.24638471;0.634375;15.06875;11.8453125;3.1265625;3.9109375;0.95
D216;sandstone;1107.5;1.26536;0.88538;0.80944;0.73828;0.72261;173.533;459.20609;73.64735;12.62596;0.57659;2.1098;0.17;9.9609375;0.5984375;54.690625;0.878125;25.8890625;3.8890625;1.5984375;2.2390625;0.25625
D217;sandstone;1108;1.26516;0.88662;0.80554;0.73344;0.71344;172.44876;475.08395;75.12066;12.69818;0.61276;2.1119;0.14;19.078125;2.46875;44.4015625;1.1;23.5234375;3.4390625;1.6296875;3.7421875;0.6171875
D218;sandstone;1108.5;1.23741;0.8673;0.78886;0.72039;0.70121;171.63437;489.00159;79.36993;12.73877;0.60134;2.10187;0.10;0.528125;4.1;54.984375;1.7;24.825;6.7796875;3.79375;2.6625;0.4203125
D219;sandstone;1109;1.27501;0.87885;0.79735;0.72337;0.70314;171.47092;512.05646;79.38223;12.75045;0.59139;2.08873;0.11;21.23402288;4.751378513;36.72319235;0.6671875;21.934375;8.37265625;3.21328125;2.55546875;0.475
D220;sandstone;1109.5;1.36799;0.90483;0.81405;0.73344;0.71266;171.5788;540.75397;79.95769;12.73066;0.60385;2.07981;0.13;34.06920099;0.693331167;37.93746784;0.4390625;20.69453125;2.91953125;1.22421875;1.89453125;0.128125
D221;sandstone;1110;1.44494;0.93055;0.8325;0.74554;0.72489;170.73659;562.21417;79.06428;12.68529;0.59304;2.08176;0.11;18.8640625;1.909375;50.40078125;0.8;18.88671875;3.74453125;2.08984375;2.39609375;0.90859375
D222;sandstone;1110.5;1.49296;0.94754;0.84752;0.74676;0.73561;172.12216;559.40643;78.63184;12.61608;0.55519;2.08107;0.14;7.1140625;2.05;53.7171875;1.95;22.7875;5.66484375;3.821875;1.95625;0.83515625
D223;sandstone;1111;1.50681;0.95253;0.8523;0.75591;0.73838;172.51196;555.00616;77.70476;12.61275;0.50449;2.07123;0.20;15.11701144;2.375689257;47.36159618;1.03359375;22.6671875;6.511328125;2.606640625;1.877734375;0.4125
D224;sandstone;1111.5;1.47842;0.94191;0.84079;0.74992;0.72754;171.42711;562.76855;77.15501;12.62227;0.5218;2.04927;0.24;31.57896661;1.568721792;39.68981159;1.44453125;18.59726563;3.272265625;1.274609375;1.334765625;0.0640625
D225;sandstone;1112;1.46417;0.92588;0.82955;0.74541;0.72176;172.79909;573.62756;78.2696;12.76166;0.58747;2.03689;0.22;14.21953125;1.2921875;55.22539063;1.225;16.40585938;6.184765625;2.082421875;2.260546875;1.104296875
D226;sandstone;1112.5;1.45674;0.91743;0.82206;0.74093;0.71733;179.36713;563.41388;79.33289;12.52946;0.61856;2.03122;0.14;7.38203125;1.025;57.47109375;2.475;20.78125;4.944921875;3.2484375;1.765625;0.855078125
D227;sandstone;1113;1.4649;0.92697;0.82627;0.75219;0.72152;179.30751;553.31799;81.52131;12.62739;0.60521;2.03251;0.10;10.68350572;1.387844628;57.70579809;2.016796875;19.88359375;4.493164063;2.203320313;1.238867188;0.36875
D228;sandstone;1113.5;1.4852;0.93794;0.83386;0.75278;0.73051;179.12468;527.51044;82.00719;12.52602;0.57082;2.03821;0.12;23.36166637;1.795389;48.58044463;2.509765625;16.42363281;3.217382813;1.643554688;1.261132813;0.03203125
D229;sandstone;1114;1.4992;0.94273;0.83733;0.75599;0.73698;179.94347;511.79828;78.9985;12.54255;0.54599;2.05093;0.17;9.503515625;1.68984375;60.07519531;1.725;16.25917969;6.048632813;1.834960938;1.986523438;0.877148438
D230;sandstone;1114.5;1.49691;0.94705;0.83757;0.7568;0.73905;180.42372;481.88446;77.68199;12.58261;0.52675;2.06417;0.21;5.603515625;1.9875;61.99179688;2.8375;18.484375;4.228710938;2.74296875;1.4515625;0.646289063
D231;sandstone;1115;1.49048;0.94874;0.83817;0.75824;0.74408;178.98737;454.07101;75.02411;12.76806;0.53208;2.07269;0.23;7.05425286;2.593922314;62.79039904;2.708398438;16.99179688;3.965332031;1.826660156;0.969433594;0.265625
D232;sandstone;1115.5;1.48727;0.95121;0.84078;0.76724;0.7499;176.35916;429.98749;76.10778;12.76193;0.56236;2.07862;0.22;15.46692471;1.403208552;41.48299173;2.423632813;13.79931641;14.94931641;4.474902344;3.202441406;1.916015625
D233;sandstone;1116;1.46564;0.94123;0.83277;0.76765;0.76022;173.7569;410.88852;77.14992;12.762;0.59238;2.0714;0.17;6.023632813;1.441796875;63.46884766;2.61875;16.95771484;5.202441406;1.964355469;1.671386719;0.651074219
D234;sandstone;1116.5;1.41296;0.93087;0.82422;0.76557;0.76663;171.04269;403.87756;79.20769;13.11057;0.63382;2.05425;0.13;3.758007813;1.73125;52.04902344;2.21875;25.2890625;3.542480469;3.330859375;7.01015625;1.057519531
D235;sandstone;1117;1.334;0.90241;0.80748;0.76122;0.76973;168.86255;400.06345;82.75298;13.09992;0.6194;2.04995;0.07;4.38337643;2.246961157;56.76394952;2.654199219;19.84589844;7.792041016;2.350830078;2.359716797;0.7734375
D236;sandstone;1117.5;1.24361;0.86484;0.77774;0.73583;0.75586;168.64375;393.82532;81.41039;13.14723;0.6084;2.06931;0.09;32.30150812;1.054361302;29.98788058;1.846191406;10.2184082;14.9199707;4.064013672;3.112158203;1.908007813
D237;sandstone;1118;1.16521;0.83385;0.75755;0.72092;0.74653;168.0127;398.18073;81.32237;13.235;0.59772;2.09887;0.10;4.172753906;1.019335938;65.37504883;2.1875;18.86791992;4.540283203;1.730615234;1.524755859;0.581787109
D238;sandstone;1118.5;1.12431;0.80591;0.73946;0.70709;0.74409;166.88103;404.41531;77.93768;13.29337;0.58105;2.10849;0.11;4.857128906;3.334375;52.92607422;1.709375;23.41796875;3.210302734;2.995117188;6.647265625;0.895947266
D239;sandstone;1119;1.09409;0.78531;0.72529;0.69977;0.74196;167.15437;390.53506;77.6796;13.6;0.60241;2.10172;0.14;2.619813215;5.223480579;57.41634976;1.977099609;19.34794922;7.275708008;2.219165039;2.592358398;0.70703125
D240;sandstone;1119.5;1.07657;0.77464;0.72152;0.69466;0.73132;169.2421;419.23535;77.30508;13.76873;0.6131;2.09841;0.11;29.93477694;5.278559164;28.61713264;1.240283203;12.6435791;13.3826416;3.595288086;3.511547852;1.429003906
D241;sandstone;1120;1.06817;0.77099;0.72117;0.69982;0.72196;171.06253;444.95013;80.16753;13.79595;0.61203;2.10151;0.09;7.066845703;0.808886719;60.03283691;1.5328125;22.37849121;4.214672852;1.664526367;1.88190918;0.419018555
D242;sandstone;1120.5;1.05956;0.75929;0.71595;0.69703;0.71537;172.48192;442.21225;80.68044;14.07781;0.60287;2.10636;0.09;11.96762695;2.9015625;48.66381836;1.4046875;23.47070313;3.324682617;2.312402344;5.194726563;0.756567383
D243;sandstone;1121;1.0422;0.75581;0.7117;0.69447;0.70837;173.75868;423.25061;81.54526;14.16373;0.58495;2.10322;0.10;1.573969108;4.661740289;56.20036238;1.838549805;22.08647461;7.027697754;3.00645752;2.627429199;0.563671875
D244;sandstone;1121.5;1.00103;0.75747;0.71161;0.69245;0.70318;174.34683;417.35522;80.84989;14.08937;0.55319;2.10442;0.13;25.58439991;5.014968839;32.6701625;0.953735352;17.28897705;10.87764893;3.404284668;3.033508301;0.952001953
D245;sandstone;1122;0.96063;0.73084;0.68983;0.6741;0.68348;173.7831;403.54709;83.03448;14.06115;0.55154;2.1115;0.17;20.56802335;0.751108943;48.98515238;0.9859375;21.53651123;3.567102051;1.444372559;1.888220215;0.273571777
D246;sandstone;1122.5;0.91423;0.70102;0.65738;0.64092;0.64936;172.14908;418.24445;84.64524;14.03858;0.54593;2.12254;0.17;15.41584473;2.40546875;49.5322998;1.10234375;21.17871094;3.534606934;2.201123047;3.795410156;0.832580566
D247;sandstone;1123;0.91205;0.69214;0.65251;0.63324;0.64129;170.92503;422.47656;88.70757;14.01955;0.54697;2.13828;0.17;4.344015804;3.355870145;54.95877494;1.894274902;22.4369873;6.346270752;3.41416626;2.2918396;0.699414063
D248;sandstone;1123.5;0.93337;0.7016;0.65817;0.63647;0.64521;170.45049;444.25162;88.65245;14.06498;0.54381;2.1334;0.16;20.35070568;3.695329048;40.01587934;0.993664551;19.97808228;8.694488525;3.005462646;2.455621338;0.682250977
D249;sandstone;1124;0.94773;0.70765;0.66382;0.63683;0.64449;169.39549;448.19611;93.05919;14.12026;0.55801;2.11875;0.16;26.07349498;1.159915368;44.33748199;1.215234375;20.06688843;3.419683838;1.359490967;1.61149292;0.168817139
D250;sandstone;1124.5;0.93603;0.69881;0.65822;0.63212;0.63789;168.00664;444.75699;92.19673;13.95838;0.58449;2.09124;0.14;14.81768799;1.848828125;52.37884521;1.163671875;18.79228516;4.859686279;2.141772461;3.027978516;0.968438721
D251;sandstone;1125;0.91163;0.68844;0.64897;0.62178;0.62623;167.1758;449.62259;91.81236;14.09644;0.56521;2.07471;0.12;5.863023527;2.190435072;56.21493435;2.184637451;21.60911865;5.645596313;3.33130188;2.0287323;0.777246094
D252;sandstone;1125.5;0.8997;0.68112;0.64377;0.61923;0.6177;166.48401;451.39832;85.45944;14.07642;0.55857;2.06669;0.14;15.5171057;2.541586838;48.86083871;1.505230713;19.93083801;6.593826294;2.604391479;1.847244263;0.525500488
D253;sandstone;1126;0.90291;0.68635;0.64847;0.62259;0.62077;165.73299;452.77487;83.3542;14.03133;0.56345;2.06432;0.17;24.71758067;1.477652184;46.45896331;1.8625;18.24526062;3.318533325;1.501522827;1.436312866;0.100424194
D254;sandstone;1126.5;0.89998;0.68788;0.64694;0.62145;0.61841;165.25208;457.20502;78.62647;14.09983;0.57975;2.07412;0.16;12.16060181;1.769335938;56.22702026;1.444335938;17.52573242;5.454159546;1.988366699;2.507250977;0.922793579
D255;sandstone;1127;0.89134;0.68355;0.64317;0.61744;0.61507;165.55418;463.59198;79.58052;14.19168;0.60018;2.08365;0.14;5.733269576;2.088967536;59.10336561;2.511068726;20.04674683;4.937153625;3.037135315;1.7401474;0.711767578
D256;sandstone;1127.5;0.88654;0.67815;0.63942;0.61389;0.6129;167.55357;470.495;81.12706;14.23136;0.57649;2.0896;0.12;11.28567928;2.567754576;55.82561888;2.106814575;18.46131744;5.279579163;2.215525818;1.408338928;0.395562744
D257;sandstone;1128;0.90496;0.68867;0.64501;0.6185;0.61824;169.52036;476.64554;88.94162;14.38246;0.56802;2.08273;0.14;20.09225269;1.440430368;43.97097752;2.143066406;16.02228851;9.133924866;2.988212585;2.319377136;1.00821991
D258;sandstone;1128.5;0.93613;0.70541;0.65847;0.6281;0.63015;170.30736;480.80768;92.6832;14.40005;0.55716;2.07149;0.14;9.09211731;1.605566406;59.84793396;2.031542969;17.24172363;5.328300476;1.976361084;2.089318848;0.786933899
D259;sandstone;1129;0.9422;0.71089;0.66454;0.63058;0.6372;171.03749;480.94797;93.53588;14.20749;0.53182;2.06489;0.12;4.745638694;1.910108768;55.57619452;2.364909363;22.66790466;4.239817047;3.183997345;4.375151825;0.884643555
D260;sandstone;1129.5;0.92844;0.70442;0.65926;0.6312;0.63332;172.18205;478.38654;92.98287;14.05593;0.50728;2.06676;0.12;7.834527855;2.407357867;56.2947842;2.380506897;19.15360794;6.535810089;2.283177948;1.884027863;0.584500122
D261;sandstone;1130;0.9255;0.70422;0.65998;0.63173;0.63576;172.17305;478.63297;93.53445;13.98743;0.51316;2.07219;0.13;26.19688041;1.247395835;36.97942905;1.994628906;13.12034836;12.02694778;3.526113129;2.71576767;1.458113861
D262;sandstone;1130.5;0.92458;0.70482;0.65957;0.63361;0.63608;172.49051;480.12671;91.85461;14.08155;0.49866;2.0767;0.13;6.632435608;1.312451172;62.61149139;2.109521484;18.05482178;4.93429184;1.853488159;1.807037354;0.684360504
D263;sandstone;1131;0.93215;0.71074;0.66655;0.64078;0.64523;173.07207;480.80695;88.09259;14.16052;0.52278;2.0867;0.16;4.8013838;2.622241884;54.25113437;2.037142181;23.04293671;3.725059891;3.089557266;5.511208725;0.89029541
D264;sandstone;1131.5;0.9351;0.71482;0.66955;0.64574;0.65062;173.31633;485.55347;83.74113;14.15003;0.57149;2.09449;0.18;5.227170535;3.815419223;56.85556698;2.178803253;19.25077858;6.905759048;2.251171494;2.23819313;0.645765686
D265;sandstone;1132;0.93562;0.72048;0.67585;0.65399;0.66064;173.14406;494.30197;85.69754;14.20257;0.64761;2.09863;0.13;28.06582868;3.2629775;32.79828085;1.617456055;12.88196373;12.70479469;3.560700607;3.113657761;1.443558884
D266;sandstone;1132.5;0.94185;0.71847;0.67459;0.65372;0.66144;173.1311;499.0123;82.619;14.174;0.58296;2.09378;0.04;6.849640656;1.060668945;61.32216415;1.821166992;20.21665649;4.574482346;1.759007263;1.844473267;0.551689529
D267;sandstone;1133;0.94187;0.71364;0.67128;0.64972;0.65993;172.97986;498.35873;81.04366;14.24777;0.53376;2.09053;0.15;8.384505377;2.761902192;51.45747637;1.720914841;23.25681992;3.524871254;2.700979805;5.352967644;0.823431396
D268;sandstone;1133.5;0.93977;0.7123;0.67025;0.65005;0.66089;172.83919;498.25162;78.00136;14.25;0.51719;2.09103;0.22;3.400569821;4.238579756;56.52796468;2.008676529;20.66862659;6.966728401;2.628814507;2.432811165;0.604718781
D269;sandstone;1134;0.93796;0.70924;0.67112;0.64973;0.65886;173.41275;497.82739;79.48727;14.35899;0.57491;2.10079;0.23;26.82511429;4.138973169;32.73422167;1.285595703;15.08547039;11.79122181;3.482492638;3.073583031;1.197780418
D270;sandstone;1134.5;0.93995;0.70674;0.67081;0.65037;0.65674;174.04826;500.36584;80.39155;14.44685;0.59221;2.11661;0.14;13.708832;0.905888944;55.15365827;1.403552246;20.87658386;4.070792198;1.601689911;1.866346741;0.412630653
D271;sandstone;1135;0.94227;0.70666;0.66883;0.64784;0.65687;174.59602;508.76367;79.88747;14.29788;0.60631;2.12501;0.11;11.90017505;2.583685471;50.49488809;1.411629295;22.21776543;3.529739094;2.451051426;4.5741889;0.828005981
D272;sandstone;1135.5;0.94893;0.70905;0.66931;0.64666;0.64886;175.39726;517.09222;78.75742;14.18704;0.59569;2.1228;0.09;3.872292813;3.79722495;55.74336981;1.951475716;21.55280695;6.656499577;3.021490383;2.362325382;0.652066422
D273;sandstone;1136;0.95114;0.71445;0.67479;0.652;0.65331;176.86847;526.50879;77.85201;14.63459;0.57747;2.11211;0.12;23.58790999;3.917151108;36.3750505;1.139630127;17.53177633;10.24285517;3.243977642;2.764602184;0.940015697
D274;sandstone;1136.5;0.95679;0.7189;0.67833;0.65271;0.65655;178.68584;523.97791;76.30019;14.5295;0.58702;2.10535;0.14;19.89116349;1.032902156;49.74557013;1.309393311;20.47173615;3.745238018;1.480590439;1.73891983;0.290723896
D275;sandstone;1137;0.96002;0.72415;0.6785;0.64976;0.6537;180.84874;507.27438;75.64441;14.60291;0.57035;2.09736;0.14;13.35893152;2.216256798;51.43686665;1.287650585;20.50502529;4.194712687;2.296411943;3.801083708;0.898222351
D276;sandstone;1137.5;0.96566;0.72734;0.68135;0.65191;0.65708;182.45628;487.95862;75.33101;14.51352;0.58657;2.08599;0.16;4.86765817;2.993830011;55.97915208;2.068056583;21.5809628;6.151047945;3.176396132;2.195528841;0.714656258
D277;sandstone;1138;0.98949;0.73335;0.68878;0.65733;0.66213;182.04933;472.04764;79.59306;14.52734;0.56513;2.07518;0.15;19.55250784;3.229368973;42.61794461;1.32243042;18.73130717;8.418340731;2.924184561;2.305923223;0.732758093
D278;sandstone;1138.5;1.01482;0.74131;0.69698;0.66379;0.66727;180.36732;460.37582;80.83833;14.37256;0.54363;2.07723;0.17;22.30437208;1.25527717;48.10226672;1.585946655;19.35849838;3.531885672;1.491056633;1.587616348;0.195574045
D279;sandstone;1139;1.02748;0.74221;0.69904;0.66697;0.6684;178.60802;449.48743;83.53139;14.25883;0.53071;2.08947;0.20;12.75976666;1.992796368;53.83194346;1.365993261;19.01537886;4.824436116;2.142389321;3.154167342;0.910507965
D280;sandstone;1139.5;1.0474;0.74572;0.7004;0.66708;0.66712;178.56194;442.68579;83.76244;14.15189;0.52517;2.1028;0.21;5.300463873;2.541398774;57.54125884;2.289562654;20.81385481;5.544100785;3.106765723;1.96783812;0.713211918
D281;sandstone;1140;1.06065;0.75213;0.70872;0.6733;0.67119;179.30952;447.06592;81.32677;14.04274;0.52657;2.10456;0.21;15.41909356;2.898561775;49.22178174;1.714622498;18.59631231;6.848959947;2.569855189;1.857131076;0.564160419
D282;sandstone;1140.5;1.07256;0.75793;0.71161;0.67546;0.67113;178.65906;459.6922;81.12849;14.04878;0.49903;2.10312;0.22;21.19831239;1.347853769;46.03662212;1.864506531;17.69039345;6.332905269;2.239634609;1.953496742;0.601896977
D283;sandstone;1141;1.08541;0.76609;0.71513;0.67867;0.67243;175.71017;470.25723;80.95593;14.08372;0.50705;2.09998;0.25;10.92594199;1.799181387;56.83993871;1.698768115;18.12855124;5.076368296;2.059375203;2.621743095;0.848720932
D284;sandstone;1141.5;1.09377;0.7738;0.71755;0.67631;0.67082;173.88272;479.64594;83.89279;14.08124;0.54251;2.10039;0.24;5.023051284;2.225753771;56.55872668;2.327236009;21.74087974;4.891958916;3.145381534;3.171494973;0.798927736
D285;sandstone;1142;1.11732;0.77967;0.72232;0.6784;0.6711;174.85675;486.34283;82.9205;13.93253;0.58547;2.10133;0.18;11.62681071;2.652959821;52.75828297;2.047564697;18.87496012;6.692385018;2.426516569;1.870579469;0.57433027
D286;sandstone;1142.5;1.13545;0.78772;0.72502;0.67675;0.6683;175.98015;489.37271;81.71131;13.93436;0.56215;2.10293;0.13;23.6975964;1.297624802;41.50802558;1.929567719;15.4053709;9.179926527;2.882873869;2.334632206;1.030005419
D287;sandstone;1143;1.15535;0.79472;0.73003;0.67734;0.67053;176.65195;512.24493;80.2324;13.99336;0.51367;2.10749;0.17;8.779188797;1.555816279;59.72571505;1.9041448;18.09168651;5.005330068;1.956431681;2.214390224;0.766540718
D288;sandstone;1143.5;1.16202;0.79799;0.72972;0.67585;0.66626;177.53725;567.59253;82.15106;14.01303;0.52812;2.10532;0.23;4.912217542;2.423997827;55.40493053;2.182189095;22.39190822;4.308509403;3.1174694;4.341351849;0.844611573
D289;sandstone;1144;1.17006;0.79789;0.72875;0.6711;0.66251;178.21371;609.31714;81.4936;14.41219;0.55167;2.09985;0.21;8.426990621;3.234189522;54.80692498;2.113183975;19.06286935;6.799072033;2.338844031;2.0543863;0.610047978
D290;sandstone;1144.5;1.18037;0.79663;0.7272;0.67056;0.66394;178.04959;621.29193;83.65943;14.06166;0.5668;2.09396;0.18;25.88171254;2.280301151;37.15315321;1.773511887;14.14366732;10.94236061;3.221787238;2.724144983;1.236782151
D291;sandstone;1145;1.2016;0.81172;0.73952;0.68078;0.67342;177.32748;620.12787;81.31617;13.99828;0.54174;2.09435;0.16;7.814414726;1.308242612;60.5239396;1.862655896;19.1541715;4.789906207;1.857719472;2.029431745;0.659115124
D292;sandstone;1145.5;1.23002;0.8277;0.75173;0.69024;0.6854;176.79349;608.15228;81.90035;14.3613;0.51828;2.09676;0.20;6.648361459;2.59295001;53.43120345;1.951551968;22.82436407;3.916690329;2.909224603;4.847159746;0.834021485
D293;sandstone;1146;1.26145;0.84033;0.75955;0.69634;0.6906;176.53693;593.89545;83.46726;13.68521;0.518;2.10087;0.23;5.913780221;3.736384639;55.66744483;2.060930252;19.86574797;6.882900217;2.483829269;2.243598732;0.607383379
D294;sandstone;1146.5;1.27057;0.83397;0.7567;0.6903;0.68951;176.58244;580.789;82.84956;13.67796;0.53948;2.10603;0.22;26.35341342;3.20963716;34.94368744;1.529553795;14.61456885;11.36679121;3.352139938;2.898864007;1.217281285
D295;sandstone;1147;1.25556;0.82602;0.75039;0.68476;0.68232;176.11055;567.38055;83.9285;14.18578;0.57075;2.11385;0.18;10.76162336;1.107065778;57.83879893;1.633104071;20.01537768;4.430349202;1.729704691;1.947889243;0.535872889
D296;sandstone;1147.5;1.25585;0.81446;0.73943;0.6735;0.66904;175.38782;552.9231;88.38241;14.85777;0.57091;2.11888;0.14;9.274268255;2.58831774;51.96304577;1.681590632;22.52106475;3.723214711;2.680138014;4.710674323;0.831013733
D297;sandstone;1148;1.31825;0.84173;0.75946;0.68832;0.67813;175.18576;541.13367;91.89064;13.67561;0.57815;2.12286;0.12;4.893036517;3.766804794;55.70540732;2.006202984;20.70927746;6.769699897;2.752659826;2.302962057;0.6297249
D298;sandstone;1148.5;1.41077;0.88511;0.79504;0.71527;0.70325;174.3658;537.7395;89.91444;15.21243;0.59555;2.12327;0.11;24.9706617;3.563394134;35.65936897;1.334591961;16.07317259;10.80482319;3.29805879;2.831733096;1.078648491
D299;sandstone;1149;1.46058;0.9136;0.81941;0.73623;0.71436;172.93887;543.21539;93.38857;14.83868;0.56637;2.12341;0.09;15.32639343;1.069983967;53.79218453;1.471248691;20.24355691;4.08779361;1.605147565;1.843404537;0.413298392
D300;sandstone;1149.5;1.4945;0.94042;0.83348;0.74346;0.72254;171.674;527.40656;90.72553;15.47978;0.55859;2.12717;0.13;11.31659989;2.402287269;51.69995621;1.484620608;21.51304502;3.958963699;2.488274979;4.255879015;0.864618042
D301;sandstone;1150;1.56039;0.96928;0.85222;0.75477;0.72889;171.75929;507.12225;95.7317;14.44523;0.56164;2.13959;0.13;4.880347343;3.380317403;55.8422797;2.037129784;21.14512013;6.460373921;2.964527979;2.249245449;0.672190579
D302;sandstone;1150.5;1.62747;0.96277;0.8448;0.74877;0.71643;172.88075;510.50369;91.83079;16.09128;0.53749;2.1517;0.12;22.26158477;3.396381554;39.13865679;1.32851119;17.40223988;9.61158196;3.111121675;2.56882816;0.905703292
D303;sandstone;1151;1.66066;0.95604;0.83199;0.72807;0.70499;173.63545;525.6748;100.0763;15.38905;0.49415;2.14987;0.16;18.81538275;1.162630568;50.94722562;1.528597673;19.80102765;3.809839641;1.548102099;1.715510442;0.304436219
D304;sandstone;1151.5;1.66918;0.96615;0.83451;0.73153;0.70373;174.58517;551.35199;94.79638;17.89035;0.47908;2.13091;0.14;12.03818328;2.197541818;52.76594983;1.425306935;20.26421194;4.391699908;2.31533215;3.705023179;0.887563004
D305;sandstone;1152;1.70646;0.97436;0.85112;0.74956;0.71742;176.23743;581.6861;101.17838;15.60564;0.49718;2.11439;0.15;5.090405608;2.960858088;56.69176927;2.163346219;20.97948747;6.002237353;3.035646851;2.108541785;0.692701248
D306;sandstone;1152.5;1.6162;0.94211;0.82276;0.71977;0.68975;178.00632;605.22351;94.39513;12.77846;0.54162;2.11775;0.11;18.84033917;3.147471664;44.18021927;1.521566844;17.9992761;8.230270953;2.840488432;2.212979618;0.734931855
D307;sandstone;1153;1.5412;0.91263;0.79289;0.69248;0.6662;178.90663;617.5462;84.55149;13.95739;0.60403;2.12794;0.15;20.00684757;1.255242169;48.49192387;1.696552102;18.74571055;5.071372455;1.893868354;1.834503592;0.453166598
D308;OIL SAND;1153.5;4.24504;3.25758;2.88392;2.64137;2.85149;131.78656;266.77206;35.42098;13.2713;0.28991;2.10653;0.66;11.48206263;1.998361603;54.80294427;1.562037525;19.19638159;4.734034102;2.187353676;3.163383137;0.868141968
D309;OIL SAND;1154;5.15763;3.23267;3.04809;2.90772;3.1984;132.4584;271.16272;35.34909;13.10555;0.29044;2.1257;0.65;5.056728446;2.59330593;56.62524798;2.245291114;21.36018361;5.447098135;3.090514193;2.640018379;0.745814492
D310;OIL SAND;1154.5;6.82267;4.1325;3.77804;3.41775;3.66072;134.80971;271.04495;35.75325;13.06518;0.28;2.14539;0.66;15.23357494;2.900215742;48.46925112;1.784565771;18.43711811;7.461327985;2.633502501;2.041779543;0.654631063
D311;OIL SAND;1155;14.03921;7.21963;6.72114;5.79774;6.78564;136.95416;268.69409;35.5198;13.44478;0.26262;2.1648;0.67;21.85222198;1.276433485;44.99997473;1.81305991;17.07554073;7.125649491;2.388371112;2.084567899;0.741586009
D312;OIL SAND;1155.5;17.66892;13.48202;10.32808;9.06929;10.40516;138.61554;270.14349;35.89572;13.56972;0.24974;2.16423;0.68;10.13062571;1.777088941;57.26432966;1.733091162;18.64403405;4.869682085;2.071892679;2.688886681;0.817341343
D313;OIL SAND;1156;15.42724;13.33007;12.09412;8.73413;14.388;140.03131;275.18839;38.6498;13.60177;0.25108;2.14766;0.69;4.984472994;2.508651879;56.01508925;2.213740104;21.87604591;4.877803769;3.103991796;3.490685114;0.795213033
D314;OIL SAND;1156.5;18.4329;10.46556;10.68693;9.74787;12.63762;140.25987;278.65451;40.21527;13.5561;0.24948;2.12459;0.68;11.83028278;3.067202632;51.63808805;1.948874873;18.74999373;7.130200009;2.486173266;2.048082922;0.63233952
D315;OIL SAND;1157;25.11594;9.74082;9.25639;8.42484;10.6404;140.50797;278.02756;39.74018;13.493;0.24848;2.11413;0.68;23.86696726;1.778367318;41.07656397;1.793285898;15.60960402;9.03400505;2.805079175;2.404356441;0.98918408
D316;OIL SAND;1157.5;33.55722;14.50141;12.53141;14.28244;18.02845;141.27226;274.7142;36.35519;13.37308;0.24995;2.11097;0.69;8.97252022;1.542665777;58.89413463;1.797873529;18.89910278;4.829794146;1.964806075;2.359159213;0.738228233
D317;OIL SAND;1158;105.97785;36.69094;22.41945;20.28468;23.6838;141.52014;273.67929;37.10551;13.16716;0.25304;2.11838;0.70;5.816417227;2.550800944;54.72314635;2.082646036;22.35020499;4.397247049;3.006608199;4.16892243;0.814617259
D318;OIL SAND;1158.5;100.65475;79.38794;33.20711;30.22923;35.09762;141.2267;276.44519;35.75391;13.32435;0.2591;2.12931;0.69;8.8720315;3.401793635;53.65276644;2.004902562;19.30787085;7.006550113;2.485001267;2.145840827;0.61986145
D319;OIL SAND;1159;66.67702;131.4545;60.93347;50.53794;54.35582;140.73161;274.61996;36.21102;13.35745;0.26597;2.12962;0.69;25.11019034;2.494002239;38.01012571;1.661419847;15.11208644;10.20039813;3.078609556;2.651610224;1.103232682
D320;OIL SAND;1159.5;63.32183;48.85579;33.81417;30.21026;37.86945;140.48619;269.07129;36.85744;13.32551;0.27818;2.11878;0.67;9.867071792;1.324865777;58.36646678;1.7154888;19.45724023;4.630071674;1.847255383;2.153524228;0.637050561
D321;OIL SAND;1160;62.55324;48.19064;34.54027;29.06805;32.61169;140.13316;255.62076;37.98208;13.30355;0.27854;2.11301;0.66;7.545342741;2.569559342;53.34309606;1.882118334;22.43563487;4.06023088;2.843373107;4.439798377;0.822815496
D322;OIL SAND;1160.5;64.59152;43.54768;30.46436;27.2934;32.9565;138.6868;228.35579;40.71712;13.2883;0.27413;2.12296;0.65;6.882534009;3.584299215;54.67908688;2.005552773;20.00857416;6.888125005;2.618830547;2.224401442;0.624793175
D323;OIL SAND;1161;69.90556;42.54865;36.88624;26.37382;40.63683;136.44516;217.30154;39.61853;13.27451;0.26486;2.13682;0.64;25.04042602;3.028698187;36.83474734;1.498005904;15.59262952;10.50261066;3.188334173;2.74167166;1.090940587
D324;OIL SAND;1161.5;81.03931;52.64616;43.60709;33.64489;44.66944;135.30023;229.05873;40.19649;13.12625;0.26;2.14064;0.66;12.59673261;1.197424872;56.07932566;1.593368745;19.85039857;4.358932642;1.726201474;1.998464382;0.525174477
D325;OIL SAND;1162;104.57545;57.39779;53.31659;42.11158;55.49876;135.81718;257.71533;39.57269;13.08109;0.26108;2.13626;0.66;9.430971314;2.485923306;52.52152613;1.683369471;21.97433994;4.009597289;2.665824043;4.347838696;0.843716769
D326;OIL SAND;1162.5;124.31904;78.85518;68.90053;51.8544;68.46144;136.8494;267.27792;38.77575;13.30264;0.26777;2.13097;0.66;5.881440676;3.482308309;55.26068329;2.021341278;20.57684714;6.674249463;2.791679263;2.236823446;0.648491877
D327;OIL SAND;1163;108.83692;71.28539;75.57188;61.34021;67.77656;138.59422;265.96228;38.61293;13.2094;0.27316;2.13051;0.66;23.6510054;3.21253987;37.98670207;1.413258547;16.4974347;10.05709631;3.149727924;2.65524991;0.998321939
D328;OIL SAND;1163.5;95.37371;58.5685;62.80025;51.36967;61.43799;139.17162;265.75998;37.78948;13.15778;0.27827;2.1415;0.65;15.70605768;1.18002772;53.51327564;1.560983209;19.82571311;4.084386142;1.637151787;1.856987412;0.414805348
D329;OIL SAND;1164;89.50099;56.0696;54.64882;46.09945;53.21192;138.18788;265.95328;36.11913;13.07879;0.27699;2.15331;0.65;10.73457729;2.341732562;52.64373798;1.554338203;21.11927594;4.200648599;2.490578096;4.026430937;0.865639886
D330;OIL SAND;1164.5;89.19035;55.69872;52.17302;44.85854;53.03164;136.32135;265.92908;35.57511;13.03412;0.27185;2.15415;0.66;5.485923142;3.221583199;55.97622628;2.092343749;20.77816731;6.338243408;2.913663057;2.172682615;0.670596563
D331;OIL SAND;1165;95.65787;59.63953;58.22381;47.57727;54.67986;134.87419;264.57462;34.52766;13.08937;0.25953;2.14252;0.68;21.24567228;3.180005767;41.08346067;1.467412696;17.2483554;9.143683631;2.995108178;2.434114764;0.866626897
D332;OIL SAND;1165.5;102.28574;65.70858;63.0221;51.03397;58.6261;134.19557;263.35129;37.03225;12.97643;0.2587;2.12993;0.69;17.85645263;1.217634945;51.00259976;1.628767656;19.28571183;4.577879298;1.76551007;1.845745502;0.433985973
D333;OIL SAND;1166;102.63152;66.89307;65.00153;50.73542;59.50594;134.17657;263.08774;36.52292;12.78617;0.25951;2.12744;0.68;11.10831996;2.170047082;53.72334113;1.558187864;20.15782877;4.46734135;2.338965886;3.594907037;0.866890927
D334;OIL SAND;1166.5;99.93605;64.15626;61.4979;47.96313;54.07525;134.55959;263.99591;37.42904;12.57481;0.26181;2.12263;0.68;5.271325794;2.907444564;56.30073713;2.168817431;21.06917546;5.892670771;3.002088625;2.406350497;0.708205528
D335;OIL SAND;1167;95.61516;62.88857;59.37523;46.61921;50.23103;135.86285;265.59213;35.34448;12.69131;0.26191;2.10567;0.68;18.23962361;3.040110755;44.77635589;1.625989233;17.84273675;8.302505808;2.814305339;2.237947154;0.76062898
D336;OIL SAND;1167.5;97.57364;63.64549;58.53397;45.14417;50.6702;137.91312;268.00723;37.5606;13.02018;0.26223;2.08183;0.69;19.85433731;1.247034215;48.00128724;1.720913783;18.18062628;5.851764394;2.076940591;1.965156701;0.587785991
D337;OIL SAND;1168;104.86554;68.95275;62.85837;45.77345;51.21075;138.5426;268.44147;38.24093;13.15773;0.26618;2.07194;0.68;10.61947284;1.973568012;55.49383539;1.645639513;19.40093141;4.668511718;2.205429283;3.141896859;0.842116135
D338;OIL SAND;1168.5;117.10817;71.45456;66.83359;49.44412;55.34283;138.37617;267.65814;39.64459;13.26156;0.27632;2.08868;0.67;5.127899394;2.708048221;56.15791319;2.191278768;21.47261069;5.38523727;3.053040211;2.948517805;0.75170928
D339;OIL SAND;1169;125.30811;76.4318;71.78041;45.34668;53.22541;138.23331;266.80688;41.26407;13.15922;0.28651;2.11476;0.64;15.03495319;3.053656693;48.20722197;1.787432053;18.29636524;7.716352909;2.650239303;2.143015038;0.69648425
D340;OIL SAND;1169.5;143.62083;86.207;88.22876;59.35582;69.30997;136.76898;262.92297;38.11713;13.05889;0.2864;2.13422;0.62;21.86065228;1.512700767;44.53892561;1.757099841;16.89511515;7.442884722;2.441009883;2.184756571;0.788485035
D341;OIL SAND;1170;117.22958;73.33909;67.88901;49.81443;53.95944;133.53522;251.43044;39.83981;12.72663;0.2861;2.14412;0.63;9.795996529;1.758116894;57.19398501;1.721756521;19.15001709;4.749152932;2.085117679;2.750528036;0.790172184
D342;OIL SAND;1170.5;98.91291;61.56238;61.49067;47.04953;48.6068;130.79114;234.70094;37.78174;12.87853;0.28939;2.15886;0.63;5.47215831;2.629424583;55.44052977;2.136962402;21.91140784;4.89124216;3.029824205;3.558720118;0.78316327
D343;OIL SAND;1171;86.79761;54.18609;53.41895;42.76909;41.72018;129.793;219.13831;39.21895;13.09751;0.27955;2.18428;0.64;11.95349235;3.227725164;50.9299942;1.896167308;18.80211805;7.361451511;2.567620285;2.144427932;0.65817285
D344;OIL SAND;1171.5;110.0819;65.98493;61.96939;50.61835;50.81981;129.06509;214.39035;36.60574;13.02953;0.25931;2.23474;0.65;23.48542131;2.003351503;41.27452566;1.709259844;16.00360079;8.821641426;2.75980972;2.418183398;0.945858859
D345;OIL SAND;1172;146.38083;90.5592;81.04896;55.11178;62.47276;127.54444;214.78592;36.36176;12.96632;0.2382;2.28137;0.67;9.831534161;1.541491336;57.7802259;1.718622661;19.30362866;4.689612303;1.966186531;2.452026132;0.713611373
D346;OIL SAND;1172.5;166.26553;98.11825;84.70829;53.50409;64.86999;126.19235;215.28024;36.91156;12.90275;0.23032;2.28062;0.69;6.508750526;2.599491962;54.39181291;2.009540368;22.17352135;4.47573652;2.936598656;3.999259247;0.802989383
D347;OIL SAND;1173;170.92102;100.61996;73.48618;53.18;54.0116;126.30293;216.31529;36.81205;12.85806;0.2512;2.21171;0.71;9.418013178;3.40601219;52.80454054;1.95086004;19.4053461;7.124788258;2.593225416;2.184414687;0.641483013
D348;OIL SAND;1173.5;171.68976;101.30154;77.48741;55.69814;59.26255;127.49683;219.22702;37.65869;13.01957;0.28894;2.13153;0.68;24.26292366;2.516024845;39.0546365;1.603632874;15.79811515;9.662126043;2.974071946;2.579927529;1.018399723
D349;OIL SAND;1174;158.83568;93.36568;82.45352;55.54573;60.75874;129.06276;222.11813;35.83757;13.36606;0.31769;2.10216;0.64;11.21413339;1.369458104;56.92977578;1.655995703;19.57701362;4.524272473;1.846194003;2.225245257;0.619392925
D350;OIL SAND;1174.5;152.18239;90.3825;77.74977;54.77246;57.20704;129.70851;220.19978;35.96367;13.5699;0.30982;2.11487;0.62;7.96986092;2.542707634;53.45666952;1.84645492;22.07393065;4.242666905;2.801211349;4.173548972;0.823353076
D351;OIL SAND;1175;143.79692;88.8866;75.67808;55.17313;55.60981;129.18907;216.79301;36.83097;13.62996;0.29925;2.13233;0.63;7.649726927;3.444160249;54.03261192;1.986100659;19.99109662;6.899518861;2.692452339;2.210619066;0.644987445
D352;OIL SAND;1175.5;135.77226;83.28542;76.15214;55.80017;54.09549;129.02789;218.64343;39.52944;13.74954;0.28576;2.14128;0.63;23.95696453;2.864282357;38.52066928;1.50844571;16.14777493;9.859611176;3.061899935;2.617588719;1.008360831
D353;OIL SAND;1176;126.96658;78.57787;74.02208;54.14385;52.59259;128.49655;223.01628;38.60584;13.73122;0.28175;2.15028;0.63;13.46009553;1.274742912;55.22152571;1.608489456;19.70136336;4.304329307;1.741672895;2.041116335;0.517099136
D354;OIL SAND;1176.5;118.74899;77.37122;71.31935;52.9785;50.40667;130.30806;227.9574;37.37417;13.67994;0.27849;2.15875;0.65;9.352219107;2.442220098;53.05020375;1.700396561;21.5966033;4.221657752;2.645894723;4.099989955;0.844496481
D355;OIL SAND;1177;111.9343;75.98898;68.76945;50.85076;50.30257;133.94586;231.36017;36.23118;13.51928;0.27603;2.15992;0.66;6.567825034;3.332871724;55.0044191;2.039222204;20.38463197;6.618881134;2.803057698;2.191650841;0.657792004
D356;OIL SAND;1177.5;109.87435;81.46626;72.81279;51.95735;52.56477;136.35469;232.35188;35.34042;13.50683;0.26981;2.15427;0.67;22.60131841;3.022144062;39.80206497;1.487929203;16.69806516;9.501647404;3.028504057;2.525851741;0.937493864
D357;OIL SAND;1178;112.28426;83.04741;75.30309;53.38722;54.61448;137.42499;230.82994;33.22489;13.56499;0.26553;2.15158;0.68;15.65827408;1.246188928;53.11206273;1.618628556;19.4935376;4.441104303;1.753591483;1.943430919;0.475542555
D358;OIL SAND;1178.5;114.22431;83.7741;75.51043;53.03021;54.86744;137.55449;226.29857;33.31245;13.55313;0.26957;2.15119;0.69;10.23026954;2.30613359;53.38677244;1.629292213;20.87721603;4.344499551;2.492430305;3.847448496;0.855693704
D359;OIL SAND;1179;113.9028;82.3007;76.07591;53.83193;54.60352;138.17027;225.58455;35.11294;13.42131;0.27103;2.14907;0.68;5.919575414;3.120158144;55.65257811;2.104019818;20.72690371;6.255775953;2.902573161;2.299000669;0.682998766
D360;OIL SAND;1179.5;114.69019;82.37525;78.02225;54.89309;55.33736;137.51711;227.02066;36.02694;13.32561;0.27594;2.14426;0.67;20.42047101;3.031127408;42.28921043;1.556959218;17.27040096;8.902076606;2.921404698;2.381899448;0.849061422
D361;OIL SAND;1180;117.4577;81.28553;79.72083;56.81238;55.96617;135.16475;228.25133;34.41385;13.3262;0.27876;2.14163;0.67;17.75630569;1.246611572;50.55667499;1.669771169;18.83708194;5.146434349;1.915266037;1.95429381;0.531664273
D362;OIL SAND;1180.5;122.96341;79.82639;81.09704;58.95037;56.67714;135.47411;231.79886;32.08307;13.32953;0.28482;2.147;0.67;10.42487119;2.139850801;54.44030392;1.637465863;20.13907372;4.506505634;2.348929794;3.494672677;0.84890492
D363;OIL SAND;1181;132.55623;78.89707;81.49666;61.26827;56.44282;136.74426;233.36896;33.59589;13.34855;0.2832;2.16204;0.67;5.523737404;2.914103183;55.90524565;2.147649293;21.0997572;5.820506612;2.977806686;2.623759237;0.717354023
D364;OIL SAND;1181.5;148.09944;79.18787;82.35339;60.29218;55.31445;137.12218;229.32301;34.43887;13.38796;0.27648;2.17543;0.67;17.7277121;3.042392051;45.2482162;1.672195636;17.7833831;8.309214757;2.785822;2.262457243;0.772772836
D365;OIL SAND;1182;161.40964;79.74928;84.93568;69.15189;60.91462;136.8161;223.90523;35.93052;13.28973;0.25726;2.17887;0.67;19.80847899;1.379656169;47.5478003;1.713435505;17.86609854;6.294659535;2.17813796;2.06952519;0.660074654
D366;OIL SAND;1182.5;193.28781;80.87417;86.14697;71.39136;59.35698;136.21008;220.46382;35.24341;13.26377;0.24455;2.16402;0.69;10.11043386;1.948983848;55.81714446;1.679611192;19.64454541;4.627829283;2.217023736;3.122600357;0.819538552
D367;OIL SAND;1183;220.81956;81.22386;85.17741;62.51587;56.04075;135.74802;219.3611;35.34599;13.20623;0.23765;2.13884;0.71;5.497947857;2.771763883;55.67288771;2.142305847;21.50558252;5.355874386;3.003815445;3.091239677;0.750258646
D368;OIL SAND;1183.5;253.18732;86.24614;82.67651;63.22567;56.66038;134.63847;223.81424;35.61781;13.26031;0.2355;2.12104;0.71;14.84060222;3.135058608;48.0891052;1.784181472;18.29275057;7.835333134;2.676721143;2.203442587;0.715472843
D369;OIL SAND;1184;291.53506;89.57738;85.1591;61.04989;58.16751;133.0052;236.93069;36.78696;13.36957;0.23421;2.12202;0.71;21.64695015;1.691503836;44.41116298;1.711347674;16.93484967;7.558150481;2.46897384;2.243854294;0.802966756
D370;OIL SAND;1184.5;345.85855;99.61226;86.2188;62.71236;59.43488;132.05312;248.53058;40.69115;13.5979;0.23686;2.13174;0.71;9.970984009;1.745237592;56.79868518;1.699116926;19.47408703;4.658720793;2.091605134;2.787313244;0.766574962
D371;OIL SAND;1185;414.08237;108.60014;84.96635;56.65091;55.91252;131.76205;252.36612;44.11125;13.57637;0.24118;2.12892;0.68;6.003349191;2.685627923;55.03235031;2.075923108;21.83955194;4.915805453;2.970207051;3.545249462;0.776624014
D372;OIL SAND;1185.5;486.75522;125.91911;85.77317;52.0092;53.05883;131.65575;252.56624;44.6884;13.42486;0.24935;2.1109;0.66;12.1293077;3.270535399;50.44682287;1.867520756;18.84904834;7.480060696;2.634973279;2.193928637;0.678477928
D373;OIL SAND;1186;557.57513;137.98807;81.09286;52.25711;51.85389;132.76955;252.3401;42.63917;13.29131;0.26652;2.0946;0.65;22.95493691;2.10376434;41.73289974;1.657490274;16.36648241;8.610138262;2.721522893;2.411890911;0.91068324
D374;OIL SAND;1186.5;593.94397;142.6355;81.80688;56.66362;54.63744;133.2686;249.46094;43.13371;13.27;0.26965;2.12128;0.64;10.5925587;1.557347848;56.86423048;1.677556315;19.52555033;4.591496633;1.968899568;2.506279251;0.692983943
D375;OIL SAND;1187;575.013;143.97377;76.12905;53.45773;57.24179;132.91676;245.84781;43.07553;13.5159;0.27002;2.1436;0.63;6.986605056;2.614167778;54.24450992;1.961189014;21.95674129;4.579236179;2.8857092;3.859399217;0.799988545
D376;OIL SAND;1187.5;575.71149;133.21304;73.62337;53.20291;51.60506;131.16826;243.70792;44.87525;13.91458;0.26727;2.13835;0.63;9.889517314;3.357347824;52.23971739;1.926810708;19.42007248;7.189789778;2.663712809;2.202273852;0.661732686
D377;OIL SAND;1188;725.06494;138.1965;83.40987;62.59034;59.87891;131.17555;241.56067;41.30886;14.14353;0.27834;2.10598;0.63;23.45595072;2.484023349;40.12678451;1.582967992;16.25712867;9.234874719;2.891711414;2.514739815;0.959522035
D378;OIL SAND;1188.5;742.96307;139.54649;89.02747;77.81591;64.76821;133.50067;239.67659;42.33112;14.18784;0.29005;2.09071;0.63;12.02632712;1.41604538;56.04287809;1.643022885;19.61345684;4.44791297;1.855286231;2.273697793;0.60504154
D379;OIL SAND;1189;700.36981;147.38823;104.54942;86.98444;78.44106;135.13591;239.45427;38.59022;14.14727;0.30057;2.10264;0.61;8.169412082;2.528193938;53.64735684;1.830792787;21.77667229;4.400446965;2.765801961;3.979694586;0.822242513
D380;OIL SAND;1189.5;540.99567;134.0545;105.21809;92.09907;84.43951;136.24472;240.51315;40.5353;13.87472;0.30991;2.12218;0.61;8.228671174;3.345109774;53.62206825;1.983016456;19.90235222;6.904335456;2.733385254;2.196962346;0.659762345
D381;OIL SAND;1190;367.07767;116.20957;102.54648;90.65035;85.13975;135.74809;242.90099;39.31437;13.89422;0.31474;2.1564;0.61;23.02863456;2.753083706;39.96442474;1.535448598;16.47759692;9.368261061;2.960107736;2.520295778;0.94850795
D382;OIL SAND;1190.5;240.19038;97.91564;92.82281;83.9222;82.52464;135.22455;240.81996;41.1173;13.89575;0.31871;2.18542;0.60;13.8423006;1.331117154;54.57747041;1.630825721;19.55349722;4.444508636;1.804438857;2.108564356;0.540292047
D383;OIL SAND;1191;165.84373;90.19085;85.36639;75.21634;79.55582;134.46295;236.56178;39.95031;13.8926;0.31785;2.19975;0.58;9.199840808;2.417163764;53.51706464;1.7300425;21.32694416;4.372473258;2.629116133;3.913571541;0.838968109
D384;OIL SAND;1191.5;131.20045;85.95084;86.66663;75.60342;76.95499;129.97064;233.39098;38.99532;13.86892;0.30966;2.19922;0.59;7.074123294;3.232633959;54.63732318;2.043518137;20.31462797;6.580055705;2.817979208;2.247981508;0.671380555
D385;OIL SAND;1192;93.00384;69.38458;71.38141;59.85757;64.4828;127.27336;231.38376;37.33171;13.67543;0.29065;2.19395;0.61;21.72455278;2.892105557;41.12681759;1.546203908;16.87399894;9.135168834;2.940756217;2.451097613;0.898784686
D386;OIL SAND;1192.5;68.30837;54.01488;54.50661;52.13301;47.07896;127.85449;231.58693;37.65666;13.55337;0.27926;2.1886;0.64;15.79930315;1.288864363;52.5670727;1.650298445;19.19528958;4.795471492;1.859852447;2.031429083;0.53597816
D387;OIL SAND;1193;57.00978;47.17057;47.75555;50.91472;42.39148;127.46055;235.85883;37.3231;13.35772;0.26766;2.19043;0.66;9.812355998;2.278507283;53.97868428;1.683754181;20.73300894;4.439489446;2.489022963;3.704122109;0.843936514
D388;OIL SAND;1193.5;58.19861;48.27403;50.80099;61.34961;50.59613;126.94437;240.79491;40.23446;13.09071;0.26844;2.20252;0.67;6.298930349;3.073368571;55.27128442;2.095583715;20.70719258;6.200281158;2.897892947;2.435870372;0.694367289
D389;OIL SAND;1194;62.63298;55.50761;56.02947;62.87586;59.75072;127.2508;244.27643;38.68512;13.01565;0.26142;2.21477;0.66;19.72613244;2.967248804;43.1875169;1.609199772;17.32869102;8.722191796;2.863289109;2.356777428;0.835778761
D390;OIL SAND;1194.5;68.71283;60.11577;64.01855;65.80834;69.92331;128.32204;258.33121;40.32555;12.87842;0.25877;2.21695;0.67;17.80389107;1.334260266;50.0574365;1.681866975;18.53069406;5.545065514;2.018995203;2.050477137;0.598026407
D391;OIL SAND;1195;63.16385;67.45328;68.06025;65.78168;62.53373;129.97755;280.67484;37.88401;13.01321;0.26043;2.19394;0.67;9.961394928;2.113745565;54.89791437;1.681682687;20.18877717;4.533659365;2.35302335;3.413361233;0.831737533
D392;OIL SAND;1195.5;73.67913;68.01138;68.07386;56.77254;53.92591;131.30052;293.88135;39.92394;13.07423;0.27404;2.15837;0.66;5.898439103;2.922566227;55.47208606;2.118944781;21.10638755;5.778077772;2.950854196;2.763555025;0.722312968
D393;OIL SAND;1196;69.43926;42.66109;53.12645;41.86291;52.93819;132.06789;301.17511;39.21155;13.09562;0.27559;2.11921;0.64;17.28336733;3.051153706;45.63831105;1.696690622;17.8107208;8.278762465;2.770005126;2.280110008;0.775625802
D394;OIL SAND;1196.5;49.16723;30.4097;33.1171;37.14082;32.21567;132.27811;306.27802;41.17971;13.08173;0.26641;2.10574;0.65;19.72542061;1.512882051;47.23429974;1.696607325;17.73277186;6.551607997;2.243984522;2.147165715;0.700496582
D395;OIL SAND;1197;36.48055;22.15728;24.51126;26.29263;23.27644;132.24867;308.33716;39.91062;13.00235;0.25332;2.10096;0.66;9.966189469;1.929491578;55.84829978;1.690399807;19.8314321;4.596190079;2.222314242;3.100337239;0.799156248
D396;OIL SAND;1197.5;28.08316;19.48954;21.40353;23.61868;20.46166;135.02153;308.69125;40.37662;13.06671;0.25214;2.1042;0.68;5.950894147;2.804097075;55.25221819;2.097433944;21.47296974;5.346941612;2.960530623;3.154402244;0.749468491
D397;OIL SAND;1198;25.75459;19.11963;18.49847;18.79564;19.49691;136.23024;305.84698;41.10427;12.9136;0.27738;2.12988;0.66;14.70633752;3.160844552;48.04256696;1.782105689;18.32988457;7.879411581;2.702489202;2.237019322;0.727051865
D398;OIL SAND;1198.5;16.53256;13.64698;14.42949;15.0946;16.82104;136.18646;302.20584;48.52428;12.84155;0.29489;2.1843;0.62;21.34017876;1.808323196;44.48359974;1.677048799;17.04962714;7.58087313;2.482753707;2.279528313;0.805589911
D399;OIL SAND;1199;13.01602;10.33409;10.41287;10.45972;13.56398;135.90894;300.34875;51.92347;12.78004;0.30087;2.2216;0.58;10.27937408;1.743419713;56.35626513;1.683978061;19.67849121;4.593843356;2.095606905;2.803308245;0.746070095